0,0,0,0,0,0,0,0,0,0,0,0,0,0,0,0,0,0,0,0,0,0,0,0,0,0,0,0,0,0,0,0,0,0,0,0,0,0,0,0,0,0,0,0,0,0,0,0,0,0,0,0,0,1,0,0,1,0,0,0,0,0,0,0,0,0,0,0,0,0,0,0,0,0,0,0,0,0,0,0,0,0,0,0,0,0,0,0,0,0,0,0,0,0,0,0,0,0,0,0
0,0,0,0,0,0,0,0,0,0,0,0,0,0,0,0,0,0,0,0,0,0,0,0,0,0,0,0,0,0,0,0,0,0,0,0,0,0,0,0,0,0,0,0,0,1,0,0,0,0,0,0,0,0,0,0,0,0,0,0,0,0,0,0,0,0,0,0,0,0,0,0,0,0,0,0,0,0,0,0,0,0,0,0,0,0,0,0,0,0,0,0,0,0,0,0,0,0,0,0
0,0,0,0,0,0,0,0,0,0,0,0,0,0,0,0.0555556,0,0,0,0,0,0,0,0,0,0,0,0,0,0,0,0,0,0.722222,0,0,0,0,0,0,0,0,0,0.277778,0,0,0,0.166667,0,0,0.944444,0.444444,0,0,0,0,0,0,0,0,0,0,0.111111,0,0,0,0,0,0,0,0,0,0,0,0,0,0,0,0,0,0,0,0.555556,0,0,0,0,0,0,0,0,0.611111,0,0,0,0,0,0,0,0
0,0,0,0,0,0,0,0,0,0,0,0,0,0,0,0,0,0,0,0,0,0,0,0,0,0,0,0,0,0,0,0,0,0,0,0,0,0,0,0,0,0,0,0,0,0,0,0,0,0,0,0,0,0,0.5,0,0,0,0,0,0,0,0,0,0,0,0,0,0,0,0,0,0,0,0,0,0,0,0,0,0,0,0,0,0,0,0,0,0,0,0,0,1,0,0,0,0,0,0,0
0,0,0,0.411765,0,0,0,0,0,0,0,0,0.117647,0,0,0,0.294118,0,0,0,0,0,0,0,0,0,0,0,0.470588,0,0,0,0,0,0,0,0,0,0,0,0,0,0,0,0,0,0,0,0,0,0,0,0,0,0,1,0,0,0.0588235,0,0,0,0,0,0,0,0,0.647059,0,0,0,0,0,0,0,0,0,0,0,0,0,0,0,0,0,0,0,0,0.176471,0.529412,0,0,0,0,0,0,0,0.470588,0,0
0,0,0,0,0,0,0,0,0,0,0.0571429,0,0,0,0,0,0,0,0,0,0,0.142857,0,0,0,0,0,0,0.714286,0,0,0,0,0,0,0,0.714286,0,0,0,0.0571429,0,0,0,0,0.228571,0.0285714,0,0,0,0,0,0.628571,0.0571429,0,0,0,0,0,0,0,0,0,0,0,0,0,0.485714,0,0,0,0,0,0,0,0,0,0,0.114286,0,0,0,0,0,0,0,0,0,0,0.228571,0,0,0,0,0,0,0,0.228571,0,0
0,0,0,0,0,0,0.0416667,0,0.458333,0,0,0,0,0,0.5,0,0,0,0,0,0,0,0,0,0,0,0,0,0,0,0,0,0,0.0833333,0.583333,0,0,0,0,0,0,0,0.291667,0,0,0,0,0.208333,0,0,0,0,0,0,0,0,0,0,0,0.166667,0,0,0,0,0.666667,0,0,0,0,0,0,0.125,0,0.0833333,0,0,0,0,0,0.458333,0,0,0,0,0,0.166667,0,0.0833333,0,0,0,0,0,0.833333,0,0,0,0,0,0
0,0,0,0,0,0,0,0,0,0,0,0,0,0,0,0,0,0,0,0,0,0,0,0,0,0,0,0,0,0,0,0,0,0,0,0,0,0,0,0,0,0,0,0,0,0,0,0,0,0,0,0,0,0,0,0,0,0,0,0,0,0,0,0,0,0,0,0,0,0,0,0,0,0,0,0,0,0,0,0,0,0,0,0,0,0,0,0,0,0,0,0,0,1,0,0,0,0,0,0
0,0,0,0,0,0.0714286,0,0,0,0,0,0,0.571429,0,0,0,0.428571,0,0,0,0,0,0,0,0,0,0,0,0,0,0,0,0,0,0,0,0,0,0,0,0,0,0,0,0,0,0,0,0,0.5,0,0,0,0,0,0,0,0,0.5,0,0,0,0,0,0,0,0,0.214286,0,0,0,0,0,0,0,0,0,0,0,0,0,0,0,0,0,0,0,0,0.785714,0,0,0,0,0,0,0,0,0.785714,0,0
0,0,0,0,0,0,0,0,0,0,0,0,0.5,0,0,0,0,0,0,0,0,0,0,0,0,0,0,0,0,0,0,0,0,0,0,0,0,0,0,0,0,0,0,0,0,0,0,0,0,0,0,0,0,0,0,0,0,0,0,0,0,0,0,0,0,0,0,0,0,0,0,0,0,0,0,0,0,0,0,0,0,0,0,0,0,0,0,0,1,0,0,0,0,0,0,0,0,1,0,0
0,0,0,0,0,0,0,0,0,0,0,0,0.355556,0,0,0,0.577778,0,0,0,0,0,0,0,0,0,0.111111,0,0,0.822222,0,0,0,0,0,0,0,0,0,0,0,0,0,0.0444444,0,0,0,0.111111,0,0.377778,0.244444,0,0,0,0,0,0,0.688889,0.177778,0,0,0,0,0,0,0,0,0.0222222,0.888889,0,0,0.422222,0,0,0,0,0,0,0,0,0,0,0,0,0,0,0,0,0.133333,0.133333,0,0.133333,0.0444444,0.466667,0,0,0,0,0,0
0,0,0,0,0,0,0,0,0,0,0,0,0,0,0,0,0,0,0,0,0,0,0,0,0,0,0,0,0,0,0,0,0,0,0,0,0,0,0,0,0,0,0,0.333333,1,0,0,0,0,0,0,0,0,0,0,0,0,0,0,0,0,0,0,0,0,0.5,0,0,0,0,0,0,0,0,0,0,0,0,0,0,0,0,0,0,0,0,0,0,0,0,0,0.666667,0,0,0,0,0,0,0,0
0,0,0.5,0,0,0,0,0,0,0,0,0,0,0,0,0,0,0,0,0,0,0,0,0,0,0,0,0,0,0,0,0,0,0,0,0,0,0,0,0,0,0,0,0,0,0,0,0,0,0,0,0,0,0,0,0,0,0,0,0,0,0,0,0,0,0,0,0,0,0,0,0,0,0,0,0,0,0,0,0,0,0,0,0,0,0,0,0,0,0,0,0,1,0,0,0,0,0,0,0
0,0.385965,0,0,0,0,0.0877193,0,0.140351,0,0,0,0,0,0.45614,0,0,0,0,0.508772,0,0,0,0,0,0,0,0,0,0,0.421053,0,0,0.473684,0.315789,0,0,0,0,0,0,0,0,0,0,0,0,0.508772,0,0,0.22807,0.22807,0,0,0,0,0,0,0,0,0,0,0.0175439,0,0,0,0,0,0,0,0,0,0,0,0.631579,0,0,0,0,0,0,0,0.140351,0,0,0,0,0,0,0,0,0,0,0.421053,0,0,0,0,0,0
0,0,0,0,0,0,0,0,0.444444,0,0,0,0,0,0,0,0,0,0,0,0,0,0,0,0,0,0.111111,0,0,0,0,0,0,0,0,0,0,0,0,0,0,0,0.444444,0,0,0,0,0,0,0,0,0,0,0,0,0,0,0.111111,0,0,0,0,0,0,0,0,0,0,0,0,0,0.555556,0,0,0,0,0,0,0,0,0,0,0,0,0,0.555556,0,0,0,0,0,0,0,0.888889,0,0,0,0,0,0
0,0,0,0.236364,0,0,0,0,0,0,0,0,0.163636,0,0,0,0,0,0.945455,0,0.0181818,0.272727,0,0,0,0.145455,0.0363636,0,0.745455,0.163636,0,0,0,0,0,0,0.236364,0,0,0,0,0,0,0,0,0,0,0,0,0.0363636,0,0,0.472727,0,0,0,0,0,0.0727273,0,0,0,0,0,0,0,0,0.563636,0,0.727273,0,0.0545455,0,0,0,0.0181818,0,0,0,0,0,0,0,0,0,0,0,0,0.236364,0.527273,0.0363636,0,0,0,0,0,0,0,0,0
0,0,0,0,0,0,0,0,0,0,0,0,0.75,0,0,0,0,0,0,0,0,0,0,0,0,0,0,0,0,0,0,0,0,0,0,0,0,0,0,0,0,0,0,0,0,0,0,0,0,0.25,0,0,0,0,0,0,0,0,0.625,0,0,0,0,0,0,0,0,0,0,0,0,0,0,0,0,0,0,0,0,0,0,0,0,0,0,0,0,0,0.75,0,0,0,0,0,0,0,0,0,0,0
0,0.290323,0,0,0,0,0.129032,0,0.258065,0,0,0,0,0,0.548387,0,0,0,0,0.225806,0,0,0,0,0,0,0,0,0,0,0.483871,0,0,0.451613,0.516129,0,0,0,0,0,0,0,0,0,0,0,0,0.548387,0,0,0.0645161,0.129032,0,0,0,0,0,0,0,0,0,0,0,0,0,0,0,0,0,0,0,0,0.0645161,0,0,0,0,0,0,0,0,0,0,0,0,0,0,0,0,0,0,0,0,0.451613,0,0,0,0,0,0
0,0,0,0.518519,0,0,0,0,0,0,0,0,0,0,0,0,0.185185,0,0,0,0,0.0185185,0,0,0,0.0740741,0.574074,0.0185185,0.888889,0.574074,0,0,0,0,0,0,0,0,0,0,0,0,0.037037,0,0,0,0,0,0,0.0555556,0,0,0.518519,0,0,0,0,0,0,0,0,0,0,0,0,0,0,0.12963,0,0.111111,0,0.574074,0,0,0,0,0,0,0,0,0,0,0,0,0,0.166667,0,0,0,0.592593,0,0,0,0,0,0,0,0,0,0
0,0,0,0.245283,0,0,0,0,0.0377358,0,0,0,0.0377358,0,0,0,0.113208,0,0,0,0,0,0.113208,0,0,0.490566,0.754717,0.660377,0,0.207547,0,0.150943,0.207547,0,0,0,0,0,0,0,0,0,0,0,0,0,0,0,0,0.169811,0,0,0,0,0,0,0,0.433962,0,0,0,0,0,0,0,0,0,0,0,0,0,0.849057,0,0.150943,0,0,0,0,0,0,0,0,0,0.0188679,0,0.0566038,0,0,0,0,0,0,0,0.679245,0,0,0.377358,0,0,0
0,0,0,0.415094,0,0,0,0,0,0,0,0,0,0,0,0,0,0,0.226415,0,0.0188679,0.556604,0,0,0,0.5,0.433962,0.5,0.311321,0.169811,0,0.122642,0.707547,0,0,0.00943396,0.264151,0,0.0283019,0,0,0,0,0,0,0.00943396,0.245283,0,0,0,0,0,0.311321,0.396226,0,0,0,0,0,0,0.0377358,0,0,0.132075,0,0,0,0,0,0.5,0,0,0,0.00943396,0,0.141509,0,0,0,0,0,0,0,0,0,0,0,0,0,0.160377,0.103774,0,0,0,0,0,0.113208,0,0,0
0,0,0,0,0,0,0,0,0,0,0,0,0,0,0,0,0.047619,0,0,0,0,0,0,0,0,0,0.428571,0,0,0,0,0,0.142857,0,0,0.333333,0,0,0,0,0,0,0.190476,0,0,0,0,0,0,0.285714,0,0,0,0,0,0,0,0,0,0,0,0,0,0,0,0,0,0,0,0,0,1,0,0.619048,0,0,0,0,0,0,0,0,0,0,0,0.285714,0,0,0,0,0,0,0,0.142857,0,0,0,0,0,0
0,0,0,0.0122699,0,0,0,0,0,0,0,0,0.760736,0,0,0,0.570552,0,0,0,0,0,0,0,0,0.00613497,0.484663,0.00613497,0,0.0858896,0,0,0.153374,0,0,0.276074,0,0,0,0,0,0,0.134969,0,0,0,0,0,0,0.552147,0,0,0,0,0,0,0,0.337423,0,0,0,0,0,0,0,0,0,0,0,0,0,0.920245,0,0.570552,0,0,0,0,0,0,0,0,0,0,0,0.239264,0,0,0.423313,0,0,0,0,0.0245399,0,0,0,0,0,0
0,0,0,0,0,0,0,0,0,0,0,0,0,0,0,0,0,0,0,0,0,0,0,0,0,0,0,0,0,0,0,0,0,0,0,0.666667,0,0,0,0,0,0,0,0,0,0,0,0,0,0,0,0,0,0,0,0,0,0,0,0,0.333333,0,0,0,0,0,0,0,0,0,0,0,0,0,0,0,0,0,0,0.333333,0,0,0,0,0,0,0,0,0,0,0,0,0,0,0,0.666667,0,0,0,0
0,0,0,0,0,0,0,0,0,0,0,0,0,0,0,0,0,0,0,0,0,0,0,0,0,0,0,0,0,0,0,0,0,0,0,0,0,0,0,0,0,0,0,0,0,0,0,0,0,0,0,0,0,0,0,0,0,0,0,0,0,0,0,0,0,0,0,0,0,0,0,0,0,0,0,0,0,0,0,0,0,0,0,0,0,0,0,0,0,0,0,0,0,0,0,0,0,0,0,0
0,0,0,0,0,0,0,0,0,0,0,0,0,0,0,0,0,0,0,0,0,0,0,0,0,0,0,0,0,0,0,0,0.4,0,0,0.2,0,0.2,0,0,0,0,0,0,0,0,0,0,0,0,0,0,0,0,0,0,0,0,0,0,0.8,0,0,0,0,0,0,0,0,0,0,0,0,0,0,0,0,0,0,0,0,0,0,0,0,0,0,0,0,0,0,0,0,0,1,0,0,0,0,0
0,0.46395,0,0,0,0,0,0,0.00940439,0,0,0,0,0,0.360502,0.181818,0,0,0,0.470219,0,0,0,0,0,0,0,0,0,0,0.420063,0,0,0.652038,0.322884,0,0,0,0,0,0,0,0,0.376176,0.0909091,0,0,0.266458,0,0,0.846395,0.413793,0,0,0,0,0,0,0,0,0,0,0.122257,0,0.0125392,0,0,0,0.031348,0,0.0438871,0,0.141066,0,0.815047,0,0,0,0,0,0,0,0.460815,0,0,0,0,0,0,0,0,0.633229,0,0.0219436,0,0,0,0,0,0
0,0,0,0.004329,0,0.15368,0,0,0,0,0,0.0021645,0.722944,0,0,0,0.634199,0.0238095,0,0,0,0.012987,0,0,0.0021645,0,0,0,0.554113,0.012987,0,0,0,0,0,0,0.495671,0,0,0,0.194805,0,0,0,0,0.573593,0,0,0,0.525974,0,0,0.318182,0.004329,0,0.454545,0.24026,0,0.465368,0,0,0,0,0,0,0,0,0.588745,0,0,0,0.0021645,0,0,0,0,0,0,0.443723,0,0,0,0,0,0,0,0,0,0.645022,0.307359,0,0,0,0,0,0,0,0.290043,0,0
0,0,0,0,0,0.177419,0,0,0,0,0,0,0.532258,0,0,0,0.387097,0,0,0,0,0,0,0,0,0,0,0,0.483871,0,0,0,0,0,0,0,0.483871,0,0,0,0.241935,0,0,0,0,0.532258,0,0,0,0.0483871,0,0,0.241935,0,0,0.516129,0.0645161,0,0,0,0,0,0,0,0,0,0,0.532258,0,0,0,0,0,0,0,0,0,0,0.5,0,0,0,0,0,0,0,0,0,0.725806,0.241935,0,0,0,0,0,0,0,0.322581,0,0
0,0.6,0,0,0,0,0.0122807,0,0.745614,0,0,0,0,0,0.742105,0,0,0,0,0.307018,0,0,0,0,0,0,0.101754,0,0,0,0.492982,0,0.054386,0.240351,0.615789,0.591228,0,0,0,0,0,0,0.57193,0,0,0,0,0.124561,0,0,0.0491228,0.885965,0,0,0,0,0,0,0,0.0649123,0.164912,0,0,0,0.0929825,0,0,0,0.0315789,0,0.0192982,0.0508772,0.00175439,0.580702,0.022807,0,0,0,0,0.221053,0,0,0.136842,0,0,0.494737,0,0.00175439,0,0,0,0,0,0.0666667,0,0.1,0,0,0,0
0,0,0,0.142857,0,0,0,0,0,0,0,0,0,0,0,0,0,0,0.467532,0,0.324675,0.415584,0,0,0,0.38961,0.207792,0.532468,0,0.038961,0,0.324675,0.844156,0,0,0,0,0,0.220779,0,0,0,0,0,0,0,0.0909091,0,0.025974,0,0,0,0.012987,0.012987,0,0,0,0,0,0,0.0519481,0,0,0,0,0,0,0,0,0.350649,0,0,0,0,0,0.402597,0,0,0,0,0,0,0,0.194805,0,0,0,0,0,0,0.701299,0,0,0,0.012987,0,0.363636,0,0.012987,0
0,0,0,0,0,0,0,0,0,0,0,0,0,0,0,0,0,0,0,0,0,0,0,0,0,0,0,0,0,0,0,0,0,0,0,0.666667,0,0,0,0,0,0,0,0,0,0,0,0,0,0,0,0,0,0,0,0,0,0,0,0.5,0.333333,0,0,0,0,0,0,0,0,0,0,0,0,0,0,0,0,0,0,0.666667,0,0,0,0,0,0,0,0,0,0,0,0,0,0,0,0.666667,0,0,0,0
0,0,0.00536193,0,0,0,0,0,0,0,0.0871314,0.0589812,0.218499,0,0,0,0.262735,0,0,0,0,0.235925,0,0,0.0563003,0,0,0,0.766756,0,0,0,0,0,0,0,0.632708,0,0,0,0.0710456,0,0,0,0,0.325737,0.107239,0,0,0.0536193,0,0,0.615282,0.215818,0,0.423592,0.596515,0,0.264075,0,0,0,0,0.038874,0,0,0,0.522788,0,0.00268097,0,0,0,0,0,0,0,0,0.159517,0,0,0.0308311,0,0,0.0630027,0,0.0469169,0,0.441019,0.309651,0.00268097,0,0,0,0,0,0,0.339142,0,0
0,0,0,0.223377,0,0,0,0,0,0,0,0,0.394805,0,0,0,0.483117,0,0,0,0,0.371429,0,0,0,0.0857143,0.0103896,0,0.766234,0.103896,0,0,0,0,0,0,0.314286,0,0,0,0,0,0,0,0,0,0,0,0,0.127273,0,0,0.574026,0,0,0.277922,0,0.0103896,0.405195,0,0,0,0,0.0025974,0,0,0,0.558442,0,0.693506,0,0.0103896,0,0,0,0,0,0,0,0,0,0,0,0,0,0,0,0,0.571429,0.45974,0.0285714,0,0,0,0,0,0,0.254545,0,0
0,0,0,0.342318,0,0,0,0.720575,0,0,0,0,0.0601977,0,0,0,0,0,0,0,0.00179695,0,0.157233,0.685535,0,0.474394,0.569632,0.54717,0.0242588,0.322552,0,0.497754,0.252471,0,0,0.0619946,0,0.00179695,0,0,0,0,0.0179695,0,0,0,0,0,0.690925,0.27673,0,0,0,0,0,0,0,0.0610961,0,0,0.081761,0.017071,0,0,0,0,0,0.0431267,0,0,0,0.584906,0,0.109614,0,0.384546,0,0,0,0,0.0377358,0,0,0.286613,0,0.0332435,0,0,0.00179695,0.16442,0,0,0,0,0.114106,0.00539084,0.525606,0,0.0233603,0
0,0,0,0,0,0.318182,0,0,0,0,0,0,0.590909,0,0,0,0,0,0,0,0,0,0,0,0,0,0,0,0,0,0,0,0,0,0,0,0,0,0,0,0,0,0,0,0,0,0,0,0,0.0909091,0,0,0,0,0,1,0,0,0.318182,0,0,0,0,0,0,0,0,0.454545,0,0,0,0,0,0,0,0,0,0,0,0,0,0,0,0,0,0,0,0,0.727273,0.0909091,0,0,0,0,0,0,0,0.590909,0,0
0,0,0,0.60903,0,0,0,0.596542,0,0,0,0,0,0,0,0,0,0,0.0144092,0,0.0326609,0,0.0826129,0.697406,0,0.649376,0.425552,0.595581,0,0,0,0.440922,0.169068,0,0,0.024976,0,0.0393852,0.00480307,0.622478,0,0,0.00192123,0,0,0,0,0,0.685879,0,0,0,0,0,0,0,0,0,0,0,0.0634006,0.0518732,0,0,0,0,0.355427,0,0,0.0105668,0,0.0211335,0,0.0201729,0,0.469741,0.102786,0,0,0,0.740634,0,0,0.377522,0,0.000960615,0,0,0,0,0,0,0,0,0.0931796,0.0163305,0.576369,0,0.139289,0
0,0,0,0,0,0,0,0,0,0,0,0,0,0,0,0,0,0,0,0,0,0,0,0,0,0,0.333333,0,0,0,0,0,0,0,0,0,0,0,0,0,0,0,0,0,0,0,0,0,0,0,0,0,0,0,0,0,0,0,0,0,0,0,0,0,0,0,0,0,0,0,0,0.666667,0,0.833333,0,0,0,0,0,0,0,0,0,0,0,0.666667,0,0,0,0,0,0,0,0,0,0,0,0,0,0
0.403846,0,0,0.00961538,0,0,0,0,0,0,0,0,0.278846,0,0,0.0961538,0.509615,0,0,0,0,0,0,0,0,0,0.0865385,0,0,0,0,0,0,0.125,0,0,0,0,0,0,0,0,0,0,0.0673077,0,0,0.346154,0,0.355769,0.653846,0,0,0,0,0,0,0.605769,0.115385,0,0,0,0,0,0,0,0,0,0.788462,0,0,0.490385,0,0,0,0,0,0,0,0,0,0,0.0673077,0,0,0,0,0,0.0961538,0.0192308,0,0.5,0.0192308,0.567308,0,0,0,0,0,0
0.463878,0,0,0.00760456,0.0152091,0.0152091,0,0,0,0,0,0,0.307985,0,0,0.235741,0.551331,0,0,0,0,0,0,0,0,0,0.0684411,0,0,0,0,0,0,0.106464,0,0,0,0,0,0,0,0,0,0.437262,0,0,0,0.296578,0,0.342205,0.574144,0,0,0,0,0,0,0.581749,0.148289,0,0,0,0,0,0,0.0494297,0,0,0.768061,0,0,0.460076,0,0,0,0,0,0,0,0,0,0,0.0722433,0,0,0,0,0,0.110266,0.0114068,0,0.471483,0.0836502,0.528517,0,0,0,0,0,0
0,0,0,0.636364,0,0,0,0,0,0,0,0,0,0,0,0,0,0,0,0,0,0.136364,0,0,0,0,0,0,0.818182,0,0,0,0,0,0,0,0.727273,0,0,0,0,0,0,0,0,0,0.0454545,0,0,0,0,0,0.545455,0.0909091,0,0,0.590909,0,0,0,0,0,0,0,0,0,0,0.0909091,0,0.181818,0,0,0,0,0,0,0,0,0,0,0,0,0,0,0,0,0,0,0,0.545455,0,0,0,0,0,0,0,0,0,0
0,0,0,0.6,0,0,0,0,0,0,0,0,0,0,0,0,0,0,0,0,0,1,0,0,0,0,0,0,0.6,0,0,0,0,0,0,0,0.3,0,0,0,0,0,0,0,0,0,0,0,0,0,0,0,0.6,0.1,0,0,0,0,0,0,0,0,0,0.4,0,0,0,0,0,0.4,0,0,0,0,0,0,0,0,0,0,0,0,0,0,0,0,0,0,0,0.4,0.1,0,0,0,0,0,0,0,0,0
0,0,0,0,0,0,0,0,0,0,0,0,0.307692,0,0,0,0.538462,0,0,0,0,0,0,0,0,0,0.153846,0,0,0,0,0,0,0,0,0,0,0,0,0,0,0,0,0,0,0,0,0,0,0.384615,0,0,0,0,0,0,0,0.692308,0,0,0,0,0,0,0,0,0,0,0.538462,0,0,0.461538,0,0,0,0,0,0,0,0,0,0,0,0,0,0,0,0,0,0,0,0,0,0.692308,0,0,0,0,0,0
0,0,0,0.75,0,0,0,0.21875,0,0,0,0,0,0,0,0,0,0,0,0,0,0,0.03125,0.0625,0,0.75,0.25,0.71875,0,0,0,0.53125,0.09375,0,0,0,0,0,0,0.03125,0,0,0,0,0,0,0,0,0,0,0,0,0,0,0,0,0,0,0,0,0,0,0,0,0,0,0,0,0,0,0,0,0,0,0,0.5,0,0,0,0,0,0,0,0.375,0,0,0,0,0,0,0,0,0,0,0,0,0.65625,0,0,0
0,0,0,0,0,0,0,0,0,0,0,0,0.5,0,0,0,1,0,0,0,0,0,0,0,0,0,0,0,0,0,0,0,0,0,0,0,0,0,0,0,0,0,0,0,0,0,0,0,0,0,0,0,0,0,0,0,0,0,0,0,0,0,0,0,0,0,0,0,0,0,0,0,0,0,0,0,0,0,0,0,0,0,0,0,0,0,0,0,0,0,0,0,0,0,0,0,0,0,0,0
0.075,0,0,0,0,0,0,0,0,0,0,0,0.275,0,0,0,0.525,0,0,0,0,0,0,0,0,0,0.1,0,0,0,0,0,0,0.2,0,0,0,0,0,0,0,0,0,0.025,0,0,0,0.5,0,0.35,0,0,0,0,0,0,0,0.65,0.075,0,0,0,0,0,0,0,0,0,0.775,0,0,0.475,0,0,0,0,0,0,0,0,0,0,0.075,0,0,0,0,0,0.075,0.025,0,0.05,0,0.575,0,0,0,0,0,0
0,0.420732,0,0.0121951,0,0,0,0,0.506098,0,0,0,0.121951,0,0.426829,0,0.243902,0,0,0.103659,0,0,0,0,0,0,0.280488,0,0,0,0.286585,0,0,0.426829,0.27439,0,0,0,0,0,0,0,0.195122,0,0,0,0,0.402439,0,0.176829,0.176829,0,0,0,0,0,0,0.292683,0.0487805,0,0,0,0.054878,0,0,0,0,0,0.329268,0,0,0.554878,0,0.29878,0,0,0,0,0,0,0,0,0.207317,0,0,0.286585,0,0,0.0365854,0.00609756,0,0,0,0.335366,0,0,0,0,0,0
0,0,0,0.714286,0,0,0,0,0,0,0,0,0,0,0,0,0,0,0,0,0,0,0,0,0,0,0,0,0.857143,0,0,0,0,0,0,0,0.428571,0,0,0,0,0,0,0,0,0,0,0,0,0,0,0,0,0,0,0,0,0,0,0,0,0,0,0,0,0,0,0,0,0.142857,0,0,0,0,0,0,0,0,0,0,0,0,0,0,0,0,0,0,0,0.571429,0,0,0,0,0,0,0,0,0,0
0,0,0,0.578947,0,0,0,0,0,0,0,0,0,0,0,0,0,0,0,0,0,0.631579,0,0,0,0.0526316,0,0,0.684211,0,0,0,0,0,0,0,0.421053,0,0,0,0,0,0,0,0,0,0.263158,0,0,0,0,0,0.578947,0,0,0,0.421053,0,0,0,0,0,0,0.105263,0,0,0,0,0,0.315789,0,0,0,0,0,0,0,0,0,0,0,0,0,0,0,0,0,0,0,0.421053,0.0526316,0,0,0,0,0,0,0,0,0
0,0,0.473684,0.00877193,0,0.824561,0,0,0,0,0,0.192982,0.657895,0,0,0,0.859649,0,0,0,0,0,0,0,0,0,0,0,0,0,0,0,0,0,0,0,0,0,0,0,0,0,0,0,0,0,0,0,0,0.236842,0,0,0,0,0,0.0614035,0,0.122807,0.631579,0,0,0,0,0,0,0,0,0.105263,0,0,0,0.0701754,0,0,0,0,0,0,0,0,0,0.315789,0,0,0,0,0,0,0.675439,0.166667,0,0,0.289474,0,0,0,0,0.0438596,0,0
0,0,0,0.333333,0,0,0,0,0,0,0,0,0,0,0,0,0.111111,0,0,0,0,0,0,0,0,0,0,0,0.444444,0,0,0,0,0,0,0,0,0,0,0,0,0,0,0,0,0,0,0,0,0,0,0,0,0,0,0,0,0,0,0,0,0,0,0,0,0,0,0.666667,0,0,0,0,0,0,0,0,0,0,0,0,0,0,0,0,0,0,0,0,0.111111,0.777778,0,0,0,0,0,0,0,0.444444,0,0
0,0,0,0.589744,0,0,0,0,0,0,0,0,0,0,0,0,0,0,0,0,0,0.410256,0,0,0,0.025641,0,0,0.794872,0,0,0,0,0,0,0,0.589744,0,0,0,0,0,0,0,0,0.128205,0.128205,0,0,0,0,0,0.666667,0.25641,0,0,0,0,0,0,0,0,0,0.0512821,0,0,0,0.102564,0,0.205128,0,0,0,0,0,0,0,0,0,0,0,0,0,0,0,0,0,0,0,0.538462,0.025641,0,0,0,0,0,0,0,0,0
0,0,0,0,0,0,0,0,0,0,0,0,0.5,0,0,0,0.75,0,0,0,0,0,0,0,0,0,0,0,0,0,0,0,0,0,0,0,0,0,0,0,0,0,0,0,0,0,0,0,0,0.5,0,0,0,0,0,0,0,0,0,0,0,0,0,0,0,0,0,0,0,0,0,0.25,0,0,0,0,0,0,0,0,0,0,0,0,0,0,0,0,0,0,0,0,0,0,0,0,0,0,0,0
0,0,0,0,0,0,0,0,0,0,0,0,0.75,0,0,0,1,0,0,0,0,0,0,0,0,0,0,0,0,0,0,0,0,0,0,0,0,0,0,0,0,0,0,0,0,0,0,0,0,0.25,0,0,0,0,0,0,0,0,0,0,0,0,0,0,0,0,0,0,0,0,0,0,0,0,0,0,0,0,0,0,0,0,0,0,0,0,0,0,0.5,0,0,0,0,0,0,0,0,0,0,0
0,0,0,0.0625,0,0,0,0,0.1875,0,0,0,0,0,0,0,0,0,0,0,0,0,0.21875,0,0,0,0.75,0,0,0,0,0,0.125,0,0,0.28125,0,0,0,0,0,0,0.5625,0,0,0,0,0,0,0,0,0,0,0,0,0,0,0,0,0,0.125,0,0,0,0.0625,0,0,0,0,0,0,0.34375,0,0.59375,0,0,0,0,0,0.8125,0,0,0,0,0,0.375,0,0,0,0,0,0,0,0,0,0.21875,0,0,0,0
0,0,0,0.266667,0,0,0,0,0,0,0,0,0,0,0,0,0,0,0,0,0,0,0.6,0,0,0.133333,0.8,0.133333,0,0,0,0,0.466667,0,0,0.333333,0,0,0,0,0,0,0.0666667,0,0,0,0,0,0,0,0,0,0,0,0,0,0,0,0,0,0,0,0,0,0,0,0,0,0,0,0,0.133333,0,0.266667,0,0,0,0,0,0,0,0,0,0,0,0,0,0,0,0,0,0,0,0,0,0,0,0,0,0
0,0,0,0.296296,0,0,0,0.0493827,0,0,0,0,0,0,0,0,0,0,0,0,0,0,0.530864,0,0,0.197531,0.753086,0.17284,0,0,0,0.0740741,0.481481,0,0,0.320988,0,0.37037,0,0,0,0,0.037037,0,0,0,0,0,0.037037,0,0,0,0,0,0,0,0,0,0,0,0.617284,0,0,0,0,0,0,0,0,0,0,0.135802,0,0.234568,0,0.0493827,0,0,0,0,0,0,0,0.0123457,0,0.0246914,0,0,0,0,0,0,0,0,0.814815,0.246914,0.0617284,0,0,0
0.0237288,0.291525,0,0.0305085,0,0,0,0,0.376271,0,0,0,0.20678,0,0.315254,0.0169492,0.345763,0,0,0.0847458,0,0,0,0,0,0,0.244068,0,0,0,0.216949,0,0,0.420339,0.210169,0,0,0,0,0,0,0,0.149153,0.0101695,0,0,0,0.437288,0,0.233898,0.338983,0.691525,0,0,0,0,0,0.440678,0.0711864,0,0,0,0,0,0,0,0,0,0.464407,0,0,0.494915,0,0.227119,0,0,0,0,0,0,0,0,0.410169,0,0,0.227119,0,0,0.0508475,0.0101695,0,0.0135593,0,0.383051,0,0,0,0,0,0
0,0,0,0.7,0,0,0,0,0,0,0,0,0,0,0,0,0,0,0.1,0,0,0.9,0,0,0,0,0,0,0.5,0,0,0,0,0,0,0,0.2,0,0,0,0,0,0,0,0,0,0.2,0,0,0,0,0,0.5,0.1,0,0,0,0,0,0,0,0,0,0,0,0,0,0,0,0.5,0,0,0,0,0,0,0,0,0,0,0,0,0,0,0,0,0,0,0,0.3,0.3,0,0,0,0,0,0,0,0,0
0,0,0,0.0701754,0,0,0,0,0.263158,0,0,0,0,0,0.0175439,0,0,0,0,0,0,0,0.157895,0,0,0,0.684211,0,0,0,0,0,0.0526316,0,0.0526316,0.245614,0,0,0,0,0,0,0.578947,0,0,0,0,0,0,0,0,0,0,0,0,0,0,0,0,0.385965,0.0526316,0,0,0,0,0,0,0,0,0,0,0.438596,0,0.649123,0,0,0,0,0,0.877193,0,0,0,0,0,0.421053,0,0.0350877,0,0,0,0,0,0,0,0.122807,0,0,0,0
0.064,0,0.16,0.016,0.088,0.424,0,0,0,0.232,0,0,0.6,0,0,0,0.792,0,0,0,0,0,0,0,0,0,0.008,0,0,0,0,0,0,0,0,0,0,0,0,0,0,0,0,0.024,0.072,0,0,0,0,0.32,0.008,0,0,0,0.04,0.016,0,0.288,0.6,0,0,0,0,0,0,0,0,0.08,0.088,0,0,0.184,0,0,0,0,0,0,0,0,0,0,0,0,0,0,0,0,0.504,0.16,0,0.04,0.904,0.072,0,0,0,0.016,0,0
0,0,0,0.576885,0,0,0,0.531832,0,0,0,0,0,0,0,0,0,0,0.00391773,0,0.00685602,0,0.159647,0.582762,0,0.580803,0.442703,0.519099,0,0,0,0.382958,0.20666,0,0,0.100881,0,0.151812,0.000979432,0.625857,0,0.0842311,0.0205681,0,0,0,0,0,0.589618,0,0,0,0,0,0,0,0,0,0,0,0.156709,0.166503,0,0,0,0,0,0,0,0.00391773,0,0.049951,0,0.0754163,0,0.39569,0.319295,0,0,0,0.407444,0,0,0.297747,0,0.0156709,0,0,0,0,0,0,0,0,0.197845,0.0812929,0.493634,0,0.0587659,0
0,0,0,0.5,0,0,0,0,0,0,0,0,0,0,0,0,0,0,0,0,0,0,0,0,0,0,0,0,0,0,0,0,0,0,0,0,0,0,0,0,0,0,0,0,0,0,0,0,0,0,0,0,0,0,0,0,0,0,0,0,0,0,0,0,0,0,0,0,0,0,0,0,0,0,0,0,0,0,0,0,0,0,0,0,0,0,0,0,0,1,0,0,0,0,0,0,0,0,0,0
0,0,0,0,0,0,0,0,0,0,0,0,0.285714,0,0,0,0.571429,0,0,0,0,0,0,0,0,0,0.142857,0,0,0,0,0,0,0,0,0,0,0,0,0,0,0,0,0,0,0,0,0,0,0.428571,0,0,0,0,0,0,0,0.714286,0,0,0,0,0,0,0,0,0,0,0,0,0,0.428571,0,0,0,0,0,0,0,0,0,0,0,0,0,0,0,0,0,0,0,0,0,0.428571,0,0,0,0,0,0
0,0,0,1,0,0,0,0,0,0,0,0,0,0,0,0,0,0,0,0,0,0,0,0,0,0,0,0,0,0,0,0,0,0,0,0,0,0,0,0,0,0,0,0,0,0,0,0,0,0,0,0,0,0,0,0,0,0,0,0,0,0,0,0,0,0,0,0,0,0,0,0,0,0,0,0,0,0,0,0,0,0,0,0,0,0,0,0,0,0,0,0,0,0,0,0,0,0,0,0
0,0,0,0.072,0,0,0,0,0.336,0,0,0,0,0,0.064,0,0,0,0,0,0,0,0.184,0,0,0.008,0.672,0.008,0,0,0,0,0.072,0,0.184,0.248,0,0,0,0,0,0,0.536,0,0,0,0,0,0,0,0,0,0,0,0,0,0,0,0,0.4,0.08,0,0,0,0.744,0,0,0,0,0,0,0.424,0,0.6,0,0,0,0,0,0.744,0,0,0,0,0,0.432,0,0.2,0,0,0,0,0,0,0,0.136,0,0,0,0
0,0,0,0,0,0,0,0,0,0,0,0,0,0,0,0,0,0,0,0,0,0,0,0,0,0,0,0,0,0,0,0,0,0,0,0,0,0,0,0,0,0,0,0,0,0,0,0,0,0,0,0,0,0,0,0,0,0,0,0,0,0,0,0,0,0,0,0,0,0,0,0,0,0,0,0,0,0,0,0,0,0,0,0,0,0,0,0,0,0,0,0,0,0,0,0,0,0,0,0
0,0.0310881,0,0.0984456,0,0,0.217617,0,0.880829,0,0,0,0,0,0.53886,0,0.0103627,0,0,0.108808,0,0,0.00518135,0,0,0,0.544041,0,0,0,0.476684,0,0,0,0.751295,0.0103627,0,0,0,0,0,0,0.528497,0,0,0,0,0,0,0.00518135,0,0,0,0,0,0,0,0.00518135,0,0.0466321,0,0,0,0,0.0673575,0,0,0,0,0,0.0829016,0.626943,0,0.668394,0.901554,0,0,0,0,0.0984456,0,0,0,0,0,0.611399,0,0.0207254,0,0,0,0,0,0.0362694,0,0,0,0,0,0
0,0,0,0,0,0,0,0,0,0,0,0,0,0,0,0,0,0,0,0,0,0,0,0,0,0,0.5,0,0,0,0,0,0,0,0,0,0,0,0,0,0,0,0,0,0,0,0,0,0,0,0,0,0,0,0,0,0,0,0,0,0,0,0,0,0,0,0,0,0,0,0,0.5,0,0,0,0,0,0,0,0,0,0,0,0,0,0,0,0,0,0,0,0,0,0,0,0,0,0,0,0
0,0.00680272,0,0.115646,0,0,0.22449,0,0.884354,0,0,0,0,0,0.510204,0,0,0,0,0.0136054,0,0,0.00680272,0,0,0,0.55102,0,0,0,0.428571,0,0,0,0.782313,0.00680272,0,0,0,0,0,0,0.564626,0,0,0,0,0,0,0,0,0,0,0,0,0,0,0,0,0.0408163,0,0,0,0,0.0612245,0,0,0,0,0,0.0748299,0.605442,0,0.687075,0,0,0,0,0,0.0952381,0,0,0,0,0,0.639456,0,0.0204082,0,0,0,0,0,0.0272109,0,0,0,0,0,0
0,0,0,1,0,0,0,0,0,0,0,0,0,0,0,0,0,0,0,0,0,0,0,0,0,1,0,0.666667,0,0,0,0,0,0,0,0,0,0,0,0,0,0,0,0,0,0,0,0,0,0,0,0,0,0,0,0,0,0,0,0,0,0,0,0,0,0,0,0,0,0,0,0,0,0,0,0,0,0,0,0,0,0,0,0,0,0,0,0,0,0,0,0,0,0,0,0,0.333333,0,0,0
0,0,0,0.465608,0,0,0,0.23545,0,0,0,0,0,0,0,0,0,0,0,0,0,0,0.378307,0.222222,0,0.378307,0.555556,0.306878,0,0,0,0.193122,0.314815,0,0,0.28836,0,0.449735,0,0.301587,0,0,0.0582011,0,0,0,0,0,0.267196,0,0,0,0,0,0,0,0,0,0,0,0.42328,0.470899,0,0,0,0,0.0793651,0,0,0,0,0.12963,0,0.214286,0,0.185185,0,0,0,0,0.0238095,0,0,0.108466,0,0.0449735,0,0,0,0,0,0,0,0,0.510582,0.240741,0.232804,0,0.0026455,0
0,0,0,0,0,0,0,0.0345194,0.346256,0,0,0,0.0015932,0,0.031333,0,0.00849708,0,0,0,0,0,0.453532,0.0276155,0,0.00690388,0.311206,0.0350505,0,0.00477961,0,0.0329262,0.270844,0.000531067,0.0297398,0.587361,0,0.664896,0,0.0430165,0,0,0.429102,0,0,0,0,0.00690388,0.0276155,0.0562931,0,0,0,0,0,0,0,0.22889,0,0.0456718,0.603824,0.636219,0,0,0.015932,0,0.0031864,0,0,0,0.0015932,0.673925,0,0.590547,0,0.0111524,0,0,0,0.123739,0,0,0,0.00743494,0,0.405736,0,0.00849708,0,0,0,0,0,0.836962,0.722783,0.49761,0.0191184,0,0,0
0.5,0,0,0,0.380952,0,0,0,0,0.52381,0,0,0,0.261905,0,0.047619,0,0,0,0,0,0,0,0,0,0,0,0,0,0,0,0,0,0,0,0,0,0,0,0,0,0,0,0.166667,0.595238,0,0,0,0,0,0.142857,0,0,0,0.166667,0,0,0.0714286,0,0,0,0,0,0,0,0.261905,0,0,0,0,0,0,0,0,0,0,0,0,0,0,0,0,0,0,0,0,0,0,0,0,0,0.285714,0.404762,0.0238095,0,0,0,0,0,0.0952381
0,0,0,0,0,0.378788,0,0,0,0,0,0,0.761364,0,0,0,0.443182,0,0,0,0,0,0,0,0,0,0,0,0.00757576,0,0,0,0,0,0,0,0.00757576,0,0,0,0.431818,0,0,0,0,0,0,0,0,0.515152,0,0,0.00378788,0,0,0.992424,0,1,0.537879,0,0,0,0,0,0,0,0,0.420455,0,0,0,0,0,0,0,0,0,0,0,0,0,0,0,0,0,0,0,0,0.731061,0.0340909,0,0,0,0.378788,0,0,0,0.579545,0,0
0,0,0,0,0,0,0,0,0.454545,0,0,0,0,0,0.181818,0,0,0,0,0,0,0,0,0,0,0,0,0,0,0,0,0,0,0,0.181818,0,0,0,0,0,0,0,0.636364,0,0,0,0,0.0909091,0,0,0,0,0,0,0,0,0,0,0,0,0,0,0,0,0,0,0,0,0,0,0,0.454545,0,0.363636,0,0,0,0,0,0,0,0,0,0,0,0.454545,0,0,0,0,0,0,0,0.909091,0,0,0,0,0,0
0,0,0.368499,0.013373,0.02526,0.676077,0,0,0,0.543834,0,0.0861813,0.665676,0.53789,0,0,0.861813,0,0,0,0,0,0,0,0,0,0.00297177,0,0.00297177,0,0,0,0,0,0,0,0,0,0,0,0,0,0,0,0,0,0,0,0,0.28529,0,0,0,0,0.618128,0.0267459,0,0.167905,0.641902,0,0,0,0,0,0,0.0460624,0,0.0876672,0.00594354,0,0,0.0995542,0,0,0,0,0,0,0,0,0,0.161961,0,0,0,0,0,0,0.631501,0.160475,0,0,0.573551,0.00594354,0,0,0,0.0237741,0,0.274889
0,0,0,0.44898,0,0,0,0,0,0,0,0,0.122449,0,0,0,0.244898,0,0,0,0,0,0,0,0,0,0,0,0.571429,0,0,0,0,0,0,0,0.183673,0,0,0,0.346939,0,0,0,0,0,0,0,0,0.0408163,0,0,0.102041,0,0,0.816327,0,0,0.0612245,0,0,0,0,0,0,0,0,0.571429,0,0.0204082,0,0,0,0,0,0,0,0,0,0,0,0,0,0,0,0,0,0,0.163265,0.571429,0,0,0,0,0,0,0,0.408163,0,0
0,0,0,0.105263,0,0,0,0,0.210526,0,0,0,0,0,0,0,0,0,0,0,0,0,0.105263,0,0,0,0.631579,0,0,0,0,0,0.0526316,0,0,0.263158,0,0,0,0,0,0,0.684211,0,0,0,0,0,0,0,0,0,0,0,0,0,0,0,0,0,0,0,0,0,0,0,0,0,0,0,0,0.473684,0,0.736842,0,0,0,0,0,0,0,0,0,0,0,0.368421,0,0,0,0,0,0,0,0,0,0,0,0,0,0
0,0,0,0.0471747,0,0.0191809,0,0,0,0,0.024365,0,0.667185,0,0,0,0.649559,0.00933126,0,0,0,0.0632452,0,0,0,0.000518403,0.0145153,0,0.859513,0.0751685,0,0,0,0.00673924,0,0,0.77916,0,0,0,0.0368066,0,0,0,0,0,0.00933126,0,0,0.488854,0.034733,0,0.531882,0.0279938,0,0.165889,0.415759,0.924832,0.396579,0,0,0,0,0.00155521,0,0,0,0.605495,0.677035,0.0145153,0,0.086055,0,0,0,0,0,0,0.093831,0,0,0,0.00155521,0,0,0,0,0,0.57128,0.482633,0,0,0,0.618455,0,0,0,0.165889,0,0
0,0,0,0.642384,0,0,0,0.662252,0,0,0,0,0,0,0,0,0,0,0.00662252,0,0.00993377,0,0.0397351,0.804636,0,0.672185,0.36755,0.645695,0,0,0,0.490066,0.129139,0,0,0,0,0,0.00331126,0.635762,0,0,0,0,0,0,0,0,0.751656,0,0,0,0,0,0,0,0,0,0,0,0.00993377,0,0,0,0,0,0,0,0,0.00662252,0,0,0,0,0,0.503311,0,0,0,0,0,0,0,0.403974,0,0,0,0,0,0,0,0,0,0,0.0231788,0,0.639073,0,0.10596,0
0,0,0.2,0.05,0,0.833333,0,0,0,0,0,0.366667,0.55,0,0,0,0.683333,0,0,0,0,0,0,0,0.0333333,0,0,0,0.0666667,0,0,0,0,0,0,0,0,0,0,0,0,0,0,0,0,0,0,0,0,0.283333,0,0,0,0,0,0.216667,0,0.0666667,0.516667,0,0,0,0,0,0,0,0,0.266667,0,0,0,0.0166667,0,0,0,0,0,0,0,0,0,0,0,0,0,0,0,0,0.6,0.35,0,0,0,0,0,0,0,0.116667,0,0
0.0526316,0,0,0,0,0,0,0,0.0394737,0,0,0,0.355263,0,0.0394737,0,0.552632,0,0,0,0,0,0,0,0,0,0.105263,0,0,0,0,0,0,0.394737,0.0131579,0,0,0,0,0,0,0,0,0.0131579,0,0,0,0.552632,0,0.381579,0.723684,0,0,0,0,0,0,0.723684,0.105263,0,0,0,0,0,0,0,0,0,0.75,0,0,0.434211,0,0.0131579,0,0,0,0,0,0,0,0,0,0,0,0.0131579,0,0,0.0657895,0.0131579,0,0.0263158,0,0.552632,0,0,0,0,0,0
0,0,0,1,0,0,0,0,0,0,0,0,0,0,0,0,0,0,0,0,0,0,0,0,0,1,0,0.714286,0,0,0,0.142857,0,0,0,0,0,0,0,0,0,0,0,0,0,0,0,0,0,0,0,0,0,0,0,0,0,0,0,0,0,0,0,0,0,0,0,0,0,0,0,0,0,0,0,0.714286,0,0,0,0,0,0,0,0,0,0,0,0,0,0,0,0,0,0,0,0,0.714286,0,0,0
0,0,0,0.595436,0,0,0,0,0,0,0.122407,0,0,0,0,0,0.00829876,0.896266,0.0311203,0,0,0.533195,0,0,0,0.0373444,0,0,0.711618,0,0,0,0,0,0,0,0.495851,0,0,0,0.0124481,0,0,0,0,0.271784,0.286307,0,0,0,0,0,0.620332,0.377593,0,0.0290456,0.541494,0,0,0,0,0,0,0.174274,0,0,0,0.0995851,0,0.29668,0,0,0,0,0,0,0,0,0.0373444,0,0,0,0,0,0,0,0.410788,0,0,0.562241,0.0829876,0,0,0,0,0,0,0.0124481,0,0
0,0,0,0,0,0,0,0,0,0,0,0,0,0,0,0,0,0,0,0,0,0,0,0,0,0,0.5,0,0,0,0,0,0,0,0,0,0,0,0,0,0,0,0.25,0,0,0,0,0,0,0,0,0,0,0,0,0,0,0,0,0,0,0,0,0,0,0,0,0,0,0,0,0.5,0,0.75,0,0,0,0,0,0,0,0,0,0,0,0,0,0,0,0,0,0,0,0,0,0,0,0,0,0
0,0,0,0.597895,0,0,0,0,0,0,0.109474,0,0,0,0,0,0.00842105,0.903158,0.0336842,0,0,0.534737,0,0,0,0.0378947,0,0,0.711579,0,0,0,0,0,0,0,0.496842,0,0,0,0.0126316,0,0,0,0,0.271579,0.288421,0,0,0,0,0,0.621053,0.381053,0,0.0252632,0.549474,0,0,0,0,0,0,0.178947,0,0,0,0.0989474,0,0.296842,0,0,0,0,0,0,0,0,0.0315789,0,0,0,0,0,0.511579,0,0,0,0,0.56,0.0863158,0,0,0,0,0,0,0.0126316,0,0
0,0,0,0.0762712,0,0,0,0,0.169492,0,0,0,0,0,0,0,0,0,0,0,0,0,0.245763,0,0,0.0169492,0.677966,0.0169492,0,0,0,0,0.127119,0,0.0169492,0.347458,0,0,0,0,0,0,0.508475,0,0,0,0,0,0,0,0,0,0,0,0,0,0,0,0,0.618644,0.161017,0,0,0,0.423729,0,0,0,0,0,0.110169,0.372881,0,0.584746,0,0,0,0,0,0.745763,0,0,0,0,0,0.338983,0,0,0,0,0,0,0,0,0,0.271186,0,0,0,0
0,0,0,0,0,0,0,0,0,0,0,0,0.8,0,0,0,1,0,0,0,0,0,0,0,0,0,0,0,0,0,0,0,0,0,0,0,0,0,0,0,0,0,0,0,0,0,0,0,0,0.4,0,0,0,0,0,0,0,0,0.4,0,0,0,0,0,0,0,0,0,0,0,0,0,0,0,0,0,0,0,0,0,0,0,0,0,0,0,0,0,0,0,0,0,0,0,0,0,0,0,0,0
0,0,0,0,0,0,0,0,0,0,0,0,0,0,0,0,0,0,0,0,0,0,0,0,0,0,0,0,0,0,0,0,0,0,0,0,0,0,0,0,0,0,0,0,0,0,0,0,0,0,0,0,0,0,0,0,0,0,0,0,0,0,0,0,0,0,0,0,0,0,0,0,0,0,0,0,0,0,0,0,0,0,0,0,0,0,0,0,0,0,0,0,0,0,0,0,0,0,0,0
0,0,0,0.8,0,0,0,0,0,0,0,0,0,0,0,0,0,0,0.3,0,0,0.7,0,0,0,0.1,0,0,0.4,0,0,0,0,0,0,0,0.2,0,0.1,0,0,0,0,0,0,0,0.1,0,0,0,0,0,0.4,0,0,0,0,0,0,0,0,0,0,0.2,0,0,0,0,0,0.5,0,0,0,0,0,0,0,0,0,0,0,0,0,0,0,0,0,0,0,0.2,0,0,0,0,0,0,0,0,0,0
0.54902,0,0,0,0,0,0,0,0,0,0,0,0.313725,0,0,0,0.54902,0,0,0,0,0,0,0,0,0,0.0392157,0,0,0,0,0,0,0.0784314,0,0,0,0,0,0,0,0,0,0.176471,0.0196078,0,0,0.254902,0,0.352941,0.529412,0,0,0,0,0,0,0.647059,0.137255,0,0,0,0,0,0,0,0,0,0.843137,0,0,0.45098,0,0,0,0,0,0,0,0,0,0,0.0196078,0,0,0,0,0,0.0784314,0.0196078,0,0,0.0196078,0.529412,0,0,0,0,0,0
0,0,0.216216,0,0,0.513514,0,0,0,0,0,0,0.72973,0,0,0,0.891892,0,0,0,0,0,0,0,0,0,0,0,0,0,0,0,0,0,0,0,0,0,0,0,0,0,0,0,0,0,0,0,0,0.405405,0,0,0,0,0,0,0,0.243243,0.675676,0,0,0,0,0,0,0,0,0.027027,0,0,0,0.0810811,0,0,0,0,0,0,0,0,0,0,0,0,0,0,0,0,0.540541,0.0540541,0,0,0,0,0,0,0,0,0,0
0,0,0,0,0,0,0,0,0,0,0,0,0,0,0,0,0.5,0,0,0,0,0,0,0,0,0,0,0,0,0,0,0,0,0,0,0,0,0,0,0,0,0,0,0,0,0,0,0,0,0.5,0,0,0,0,0,0,0,0.5,0,0,0,0,0,0,0,0,0,0,0,0,0,0.5,0,0,0,0,0,0,0,0,0,0,0,0,0,0,0,0,0,0,0,0,0,0,0,0,0,0,0,0
0,0,0,0.3125,0,0,0,0,0,0,0,0,0,0,0,0,0,0,0,0,0,0,0.46875,0,0,0.1875,0.78125,0.15625,0,0,0,0.09375,0.5,0,0,0.28125,0,0,0,0,0,0,0.0625,0,0,0,0,0,0,0,0,0,0,0,0,0,0,0,0,0,0.65625,0,0,0,0,0,0,0,0,0,0,0.125,0,0.25,0,0.03125,0,0,0,0,0,0,0,0,0,0.03125,0,0,0,0,0,0,0,0,0,0.125,0.0625,0,0,0
0,0,0,0.1875,0,0,0,0,0,0,0,0,0,0,0,0,0,0,0,0,0,0,0.5,0,0,0.0625,0.770833,0.0625,0,0,0,0,0.354167,0,0,0.604167,0,0,0,0,0,0,0.1875,0,0,0,0,0,0,0,0,0,0,0,0,0,0,0,0,0,0.5625,0,0,0,0,0,0,0,0,0,0,0.25,0,0.4375,0,0,0,0,0,0.0416667,0,0,0,0,0,0.125,0,0,0,0,0,0,0,0,0.0833333,0,0,0,0,0
0,0,0,0.833333,0,0,0,0,0,0,0,0,0,0,0,0,0,0,0,0,0,0,0,0,0,0.833333,0.166667,0.666667,0,0,0,0.166667,0,0,0,0,0,0,0,0,0,0,0,0,0,0,0,0,0,0,0,0,0,0,0,0,0,0,0,0,0,0,0,0,0,0,0,0,0,0,0,0,0,0,0,0.5,0,0,0,0,0,0,0,0.166667,0,0,0,0,0,0,0,0,0,0,0,0,0,0,0,0
0,0,0,0.285714,0,0,0,0,0,0,0,0,0,0,0,0,0.142857,0,0,0,0,0,0,0,0,0,0,0,0.285714,0,0,0,0,0,0,0,0,0,0,0,0,0,0,0,0,0,0,0,0,0,0,0,0,0,0,0.428571,0,0,0,0,0,0,0,0,0,0,0,0.714286,0,0,0,0,0,0,0,0,0,0,0,0,0,0,0,0,0,0,0,0,0.142857,0.857143,0,0,0,0,0,0,0,0,0,0
0,0,0,0.928571,0,0,0,0,0,0,0,0,0,0,0,0,0,0,0.142857,0,0.285714,0,0,0,0,0.857143,0.0714286,0.571429,0,0,0,0.107143,0,0,0,0,0,0,0.0714286,0,0,0,0,0,0,0,0,0,0.357143,0,0,0,0,0,0,0,0,0,0,0,0,0,0,0,0,0,0,0,0,0.0714286,0,0,0,0,0,0.607143,0,0,0,0,0,0,0,0.607143,0,0,0,0,0,0,0,0,0,0,0,0,0.535714,0,0,0
0,0,0.470998,0.0324826,0,0.730858,0,0,0,0.183295,0,0.183295,0.656613,0.37123,0,0,0.819026,0,0,0,0,0,0,0,0.0278422,0,0,0,0.0185615,0,0,0,0,0,0,0,0,0,0,0,0,0,0,0,0,0,0,0,0,0.292343,0,0,0,0,0.849188,0.0719258,0,0.150812,0.614849,0,0,0,0,0,0,0.00232019,0,0.12529,0.00464037,0,0,0.106729,0,0,0,0,0,0.0556845,0,0,0,0.24826,0,0,0,0,0,0,0.63109,0.204176,0,0,0.37355,0.00696056,0,0,0,0.0510441,0,0
0,0,0,0.039823,0,0,0,0.0719027,0,0,0,0,0,0,0,0,0,0.216814,0.615044,0,0.594027,0.568584,0,0.0752212,0,0.176991,0,0.111726,0.0353982,0,0,0.141593,0,0,0,0,0.138274,0,0.313053,0.0199115,0,0,0,0,0,0,0.411504,0,0,0,0,0,0.139381,0.515487,0,0,0.736726,0,0,0,0,0,0,0.379425,0,0,0,0,0,0.256637,0,0,0,0,0,0.454646,0,0,0,0,0.00663717,0,0,0.548673,0,0,0,0,0,0.0110619,0.466814,0,0,0,0,0,0.428097,0,0.311947,0
0,0,0,0,0,0,0,0,0,0,0,0,0.597015,0,0,0,0.791045,0,0,0,0,0,0,0,0,0,0,0,0.985075,0.0298507,0,0,0,0,0,0,0.910448,0,0,0,0,0,0,0,0,0,0,0,0,0,0,0,0.522388,0,0,0.0149254,0.313433,0.0447761,0.179104,0,0,0,0,0,0,0,0,0.686567,0,0,0,0,0,0,0,0,0,0,0.0149254,0,0,0,0,0,0,0,0,0,0.477612,0.597015,0,0,0,0,0,0,0,0.0149254,0,0
0,0.0200308,0,0,0,0,0.0292758,0.0123267,0.702619,0,0,0,0,0,0.604006,0,0,0,0,0,0,0,0.510015,0,0,0.0261941,0.157165,0.183359,0,0,0,0,0.579353,0,0.753467,0.494607,0,0.0231125,0,0,0,0,0.491525,0,0,0,0,0,0.00154083,0,0,0,0,0,0,0,0,0,0,0.132512,0.428351,0.00308166,0,0,0.151002,0,0,0,0,0,0.046225,0.0200308,0,0.493066,0.03698,0.0215716,0,0,0,0.286595,0,0,0,0,0,0.42681,0,0.0261941,0,0,0,0,0,0,0.371341,0.302003,0.0724191,0,0,0
0,0.0136986,0,0,0,0,0.00684932,0,0.739726,0,0,0,0,0,0.623288,0,0,0,0,0,0,0,0.684932,0,0,0,0.178082,0,0,0,0,0,0,0,0.767123,0.575342,0,0,0,0,0,0,0.527397,0,0,0,0,0,0,0,0,0,0,0,0,0,0,0,0,0.0958904,0.369863,0,0,0,0.116438,0,0,0,0,0,0.0136986,0.0136986,0,0.534247,0.00684932,0,0,0,0,0.253425,0,0,0,0,0,0.472603,0,0,0,0,0,0,0,0,0,0.157534,0,0,0,0
0,0.5,0,0,0,0,0,0,0,0,0,0,0,0,0.5,0,0,0,0,0,0,0,0,0,0,0,0,0,0,0,0,0,0,0,0,0,0,0,0,0,0,0,0,0,0,0,0,0,0,0,0,0,0,0,0,0,0,0,0,0,0,0,0,0,0,0,0,0,0,0,0,0,0,0,0,0,0,0,0,0,0,0,0,0,0,0,0,0,0,0,0,0,0,0,0,0,0,0,0,0
0,0,0,0,0,0,0,0,0,0,0,0,0,0,0.5,0,0,0,0,0,0,0,0,0,0,0,0,0,0,0,0,0,0,0,0,0,0,0,0,0,0,0,0,0,0,0,0,0,0,0,0,0,0,0,0,0,0,0,0,0,0,0,0,0,0,0,0,0,0,0,0,0,0,0,0,0,0,0,0,0,0,0,0,0,0,0,0,0,0,0,0,0,0,0,0,0,0,0,0,0
0,0,0,0,0,0,0,0,0.76,0,0,0,0,0,0.62,0,0,0,0,0,0,0,0.16,0,0,0,0,0,0,0,0,0,0,0,0.78,0,0,0,0,0,0,0,0.58,0,0,0,0,0,0,0,0,0,0,0,0,0,0,0,0,0.08,0.02,0,0,0,0.1,0,0,0,0,0,0,0,0,0.56,0,0,0,0,0,0.26,0,0,0,0,0,0.52,0,0,0,0,0,0,0,0,0,0.1,0,0,0,0
0.039521,0.483433,0.0175649,0,0.0011976,0,0.000798403,0,0.463473,0,0,0,0.718164,0,0.51976,0.0115768,0.373653,0,0,0,0,0,0,0,0,0,0.00479042,0,0,0,0.510579,0,0,0.289421,0.354092,0,0,0,0,0,0,0,0.0754491,0.0159681,0.00878244,0,0,0.289022,0,0.477844,0.187226,0.220359,0,0,0.00159681,0,0,0.671457,0.673852,0,0,0,0.0359281,0,0,0.00678643,0,0,0.331337,0,0,0.388822,0.00678643,0.0986028,0.0363273,0,0,0,0,0,0,0,0.147705,0,0,0.177645,0,0,0.679441,0,0,0.0263473,0.049501,0.414371,0,0,0,0.000798403,0,0
0,0,0,0.0663317,0,0,0,0,0.291792,0,0,0,0.0164154,0,0.190285,0.00100503,0.040871,0,0,0,0.000335008,0,0.342714,0.166499,0,0.153099,0.469682,0.317588,0,0.0613065,0,0.471022,0.372194,0.141709,0.103518,0.300503,0,0.039866,0,0.0844221,0,0,0.247571,0.0666667,0,0,0,0.19062,0.422111,0.0653266,0.389615,0,0,0,0,0,0,0.183585,0.00167504,0.0291457,0.267002,0.0773869,0,0,0.0221106,0,0,0,0.745729,0,0,0.61809,0,0.355779,0,0.178224,0,0,0,0.0767169,0.00234506,0,0.0371859,0.143719,0,0.238526,0,0,0,0.00301508,0,0.20201,0.00100503,0.684087,0.354774,0.138693,0.283417,0,0.00904523,0
0,0,0,0,0,0,0,0,0,0,0,0,0,0,0.75,0,0,0,0,0,0,0,0,0,0,0,0,0,0,0,0,0,0,0.4375,0.25,0,0,0,0,0,0,0,0,0.125,0,0,0,0.3125,0,0,0.875,0,0,0,0,0,0,0,0,0,0,0,0,0,0,0,0,0,0.25,0,0,0.0625,0,0,0,0,0,0,0,0,0,0,0.125,0,0,0,0,0,0,0,0,0.5,0,0.25,0,0,0,0,0,0
0,0,0,0,0.666667,0,0,0,0,0,0,0,0,0,0,0.133333,0,0,0,0,0,0,0,0,0,0,0,0,0,0,0,0,0,0,0,0,0,0,0,0,0,0,0,0.4,0.933333,0,0,0,0,0,0,0,0,0,0,0,0,0,0,0,0,0,0,0,0,0.666667,0,0,0,0,0,0,0,0,0,0,0,0,0,0,0,0,0,0,0,0,0,0,0,0,0,0.666667,0.0666667,0,0,0,0,0,0,0
0,0,0,0.357234,0,0,0,0,0,0,0,0.00296988,0.491727,0,0,0,0.535426,0,0.532032,0,0,0.256258,0.000424268,0,0,0.363598,0.203224,0.268562,0.485363,0.207467,0,0.0305473,0.0140008,0,0,0,0.182435,0,0.271107,0,0,0,0,0,0,0,0.00169707,0,0.00424268,0.221044,0,0,0.338142,0,0,0.200255,0,0.0738227,0.487908,0,0,0,0,0.0224862,0,0,0,0.413237,0,0.361476,0,0.200255,0,0,0,0.375902,0,0,0,0,0,0.0012728,0,0.191769,0,0,0,0,0.625371,0.373356,0.0784896,0,0,0.000424268,0,0,0.175647,0.181587,0.0309716,0
0,0,0,0.0347826,0,0,0,0,0,0,0,0,0.373913,0,0,0,0.443478,0,0,0,0,0,0,0,0,0,0,0,0.913043,0.0347826,0,0,0,0,0,0,0.452174,0,0,0,0,0,0,0,0,0,0,0,0,0.0869565,0,0,0.843478,0,0,0.295652,0,0,0.382609,0,0,0,0,0,0,0,0,0.6,0,0.26087,0,0,0,0,0,0,0,0,0,0,0,0,0,0,0,0,0,0,0.565217,0.417391,0,0,0,0,0,0,0,0.269565,0,0
0,0,0.087037,0.00679012,0.0271605,0.254321,0,0,0,0.0277778,0,0.0851852,0.525309,0.00246914,0,0,0.445679,0.0135802,0,0,0,0.00802469,0,0,0.0895062,0,0.00185185,0,0.442593,0.0166667,0,0,0,0.00123457,0,0,0.415432,0,0,0,0.237037,0,0,0.0388889,0.0635802,0.47963,0.00123457,0.0395062,0,0.372222,0.146914,0,0.247531,0.0037037,0.0771605,0.503704,0.150617,0.692593,0.382099,0,0,0,0,0,0,0.0537037,0,0.417901,0.687037,0.00185185,0,0.0191358,0,0,0,0,0,0,0.545062,0,0,0.0617284,0,0,0.00925926,0,0.0037037,0,0.526543,0.245062,0,0.112963,0.278395,0.251852,0,0,0,0.332716,0,0
0,0,0.375,0,0,0.375,0,0,0,0,0,0,0,0,0,0,0,0,0,0,0,0,0,0,0.125,0,0,0,0,0,0,0,0,0,0,0,0,0,0,0,0,0,0,0,0,0,0,0,0,0,0,0,0,0,0.5,0,0,0,0,0,0,0,0,0,0,0,0,0,0,0,0,0,0,0,0,0,0,0,0,0,0,0.5,0,0,0,0,0,0,0,0,0,0,1,0,0,0,0,0,0,0
0,0,0,0,0,0.0666667,0,0,0,0,0,0,0,0,0,0,0.2,0,0,0,0,0,0,0,0,0,0,0,0,0,0,0,0,0,0,0,0,0,0,0,0,0,0,0,0,0,0,0,0,0.333333,0.0666667,0,0,0,0,0,0,0.8,0.466667,0,0,0,0,0,0,0,0,0,0.8,0,0,0,0,0,0,0,0,0,0,0,0,0,0,0,0,0,0,0,0.266667,0,0,0,0.2,0.333333,0,0,0,0,0,0
0,0,0,0,0.565217,0,0,0,0,0.73913,0,0,0,0,0,0.130435,0,0,0,0,0,0,0,0,0,0,0,0,0,0,0,0,0,0,0,0,0,0,0,0,0,0,0,0.304348,0.826087,0,0,0,0,0,0,0,0,0,0.130435,0,0,0,0,0,0,0,0,0,0,0.478261,0,0,0,0,0,0,0,0,0,0,0,0.173913,0,0,0,0,0,0,0,0,0,0,0,0,0,0.565217,0.173913,0,0,0,0,0,0,0.0434783
0,0.0416667,0,0,0,0,0,0,0,0,0,0,0,0,0,0.125,0,0,0,0,0,0,0,0,0,0,0,0,0,0,0,0,0,0.75,0,0,0,0,0,0,0,0,0,0.375,0,0,0,0.583333,0,0,0.875,0,0,0,0,0,0,0,0,0,0,0,0,0,0,0,0,0,0.0833333,0,0,0,0,0,0,0,0,0,0,0,0,0,0.291667,0,0,0,0,0,0,0,0,0.625,0,0.0416667,0,0,0,0,0,0
0,0,0,0,0,0,0,0,0,0,0,0,0,0,0,0,0,0,0,0,0,0,0,0,0,0,0,0,0,0,0,0,0,0,0,0,0,0,0,0,0,0,0,1,0,0,0,0,0,0,0,0,0,0,0,0,0,0,0,0,0,0,0,0,0,0,0,0,0,0,0,0,0,0,0,0,0,0,0,0,0,0,0,0,0,0,0,0,0,0,0,1,0,0,0,0,0,0,0,0
0,0,0,0,0,0,0,0,0,0,0,0,0.692308,0,0,0,0,0,0,0,0,0,0,0,0,0,0,0,0,0,0,0,0,0,0,0,0,0,0,0,0,0,0,0,0,0,0,0,0,0.461538,0.0769231,0,0,0,0,0,0,0.923077,0.307692,0,0,0,0,0,0,0,0,0,0.923077,0,0,0,0,0,0,0,0,0,0,0,0,0,0,0,0,0,0,0,0.230769,0,0,0,0.0769231,0.230769,0,0,0,0,0,0
0,0,0,0.027735,0,0,0,0,0.01849,0,0,0,0.756549,0,0,0,0.582435,0,0,0,0,0,0,0,0,0.00924499,0.479199,0.0138675,0,0.107858,0,0,0.149461,0,0,0.352851,0,0,0,0,0,0,0.220339,0,0,0,0,0,0,0.567026,0,0,0,0,0,0,0,0.385208,0.687211,0,0.0200308,0,0,0,0,0,0,0.00770416,0,0,0,0.899846,0,0.636364,0,0,0,0,0,0,0,0,0,0,0,0.300462,0,0,0.738059,0.0123267,0,0,0,0.0523883,0,0,0,0.00154083,0,0
0.178803,0.00144196,0.0459024,0.00504686,0.229272,0.144196,0,0,0.423456,0.0596011,0,0,0.229512,0.000240327,0.327325,0.19851,0.183369,0,0,0,0,0,0,0,0,0.00216294,0.289834,0.00456621,0,0.0300409,0,0,0.0910839,0.266522,0.140351,0.396539,0,0,0,0,0,0,0.380678,0.307378,0.628455,0,0,0.278058,0,0.192261,0.501562,0.000240327,0,0,0.00384523,0,0,0.209325,0.238404,0.00144196,0.0295602,0,0.000240327,0,0.00528719,0,0,0.000480654,0.254506,0,0,0.53665,0,0.62485,0,0,0,0,0,0.0273973,0,0,0.123768,0,0,0.40447,0,0,0.166547,0.00144196,0,0.277578,0.370103,0.314348,0,0.00432588,0,0,0,0
0,0,0,0,0,0,0,0.214286,0,0,0,0,0,0,0,0,0,0,0,0,0,0,0,0.107143,0,0,0,0,0,0,0,0.214286,0.464286,0,0,0.25,0,0.535714,0,0.214286,0,0,0,0,0,0,0,0,0.0714286,0,0,0,0,0,0,0,0,0,0,0,0.535714,0.5,0,0,0,0,0,0,0,0,0,0,0,0,0,0,0.75,0,0,0,0.0714286,0,0,0,0,0,0,0,0,0,0,0,0,0,0.607143,0.25,0,0,0,0
0,0,0,0.45098,0,0,0,0,0,0,0,0,0.0784314,0,0,0,0.333333,0,0,0,0,0,0,0,0,0.0980392,0.784314,0.0980392,0.27451,0.411765,0,0,0.333333,0,0,0.0588235,0,0,0,0,0,0,0,0,0,0,0,0,0,0.156863,0,0,0,0,0,0,0,0.0196078,0.0196078,0,0,0,0,0,0,0,0,0,0,0,0,0.392157,0,0.235294,0,0,0,0,0,0,0,0,0,0,0,0.0392157,0,0,0.0784314,0.54902,0,0,0,0,0,0,0,0,0,0
0,0,0,0,0,0,0,0,0.37037,0,0,0,0,0,0,0,0,0,0,0,0,0,0,0,0,0,0.296296,0,0,0,0,0,0.0740741,0,0,0.444444,0,0,0,0,0,0,0.444444,0,0,0,0,0,0,0.037037,0,0,0,0,0,0,0,0.185185,0,0,0,0,0,0,0,0,0,0,0,0,0,0.62963,0,0.666667,0,0,0,0,0,0,0,0,0,0,0,0.444444,0,0,0,0,0,0,0,0.851852,0,0,0,0,0,0
0,0,0,0.666667,0,0,0,0,0,0,0,0,0,0,0,0,0,0,0,0,0,0,0,0,0,0.666667,0.333333,0.666667,0,0,0,0,0.666667,0,0,0,0,0,0,0,0,0,0,0,0,0,0,0,0,0,0,0,0,0,0,0,0,0,0,0,0,0,0,0,0,0,0,0,0,0,0,0,0,0,0,0,0,0,0,0,0,0,0,0,0,0,0,0,0,0,0,0,0,0,0,0,0,0,0,0
0,0,0,0,0,0,0,0,0,0,0,0,0,0,0,0,0,0,0,0,0,0,0,0,0,0,0,0,0,0,0,0,0,0,0,0.666667,0,0,0,0,0,0,0,0,0,0,0,0,0,0,0,0,0,0,0,0,0,0,0,0.5,0.416667,0,0,0,0.75,0,0,0,0,0,0,0,0,0,0,0,0,0,0,0.666667,0,0,0,0,0,0,0,0.25,0,0,0,0,0,0,0,0.666667,0,0,0,0
0,0,0,0,0,0,0,0,0,0,0,0,0,0,0,0,0,0,0,0,0,0,0,0,0,0,0.4,0,0,0,0,0,0.2,0,0,0.2,0,0,0,0,0,0,0,0,0,0,0,0,0,0,0,0,0,0,0,0,0,0,0,0,0,0,0,0,0,0,0,0,0,0,0,0,0,0.6,0,0,0,0,0,0,0,0,0,0,0,0.2,0,0,0,0,0,0,0,0,0,0,0,0,0,0
0,0,0,0,0,0,0.496855,0,0.484277,0,0,0,0,0,0.295597,0,0,0,0,0,0,0,0,0,0,0,0.00628931,0,0,0,0.27673,0,0.0566038,0,0.509434,0.610063,0,0,0,0,0,0,0.415094,0,0,0,0,0,0,0,0,0,0,0,0,0,0,0,0,0.27673,0.283019,0,0,0,0.301887,0,0,0,0,0,0.308176,0,0,0.402516,1,0,0,0,0,0.352201,0,0,0,0,0,0.339623,0,0.232704,0,0,0,0,0,0,0,0.320755,0,0,0,0
0,0,0,0,0,0,0,0,0,0,0,0,0,0,0,0,0,0,0,0,0,0,0,0,0,0,0,0,0,0,0,0,0,0,0,0.5,0,0,0,0,0,0,0,0,0,0,0,0,0,0,0,0,0,0,0,0,0,0,0,0,0,0,0,0,0,0,0,0,0,0,0,0,0,0,0,0,0,0,0,0,0,0,0,0,0,0,0,0,0,0,0,0,0,0,0,0,0,0,0,0
0,0,0,0,0,0,0.483871,0,0.508065,0,0,0,0,0,0.290323,0,0,0,0,0,0,0,0,0,0,0,0.00806452,0,0,0,0.274194,0,0.0322581,0,0.516129,0.629032,0,0,0,0,0,0,0.41129,0,0,0,0,0,0,0,0,0,0,0,0,0,0,0,0,0.241935,0.233871,0,0,0,0.266129,0,0,0,0,0,0.306452,0,0,0.395161,0,0,0,0,0,0.330645,0,0,0,0,0,0.354839,0,0.233871,0,0,0,0,0,0,0,0.290323,0,0,0,0
0,0,0,0,0,0,0,0,0,0,0,0,0,0,0,0,0,0,0,0,0,0,0,0,0,0,0,0.666667,0,0,0,0.333333,1,0,0,0,0,0,0,0,0,0,0,0,0,0,0,0,0,0,0,0,0,0,0,0,0,0,0,0,0,0,0,0,0,0,0,0,0,0,0,0,0,0,0,0,0,0,0,0,0,0,0,0,0,0,0,0,0,0,0,0,0,0,0,0,0.666667,0,0,0
0,0,0,0,0,0,0,0,0,0,0,0,0,0,0,0,0,0,0,0,0,0,0,0,0,0,0,0,0,0,0,0,0.294118,0,0,0.294118,0,0.705882,0,0,0,0,0,0,0,0,0,0,0,0,0,0,0,0,0,0,0,0,0,0,0.705882,0.647059,0,0,0,0,0,0,0,0,0,0,0,0,0,0,0,0,0,0,0,0,0,0,0,0,0,0,0,0,0,0,0,0,0.764706,0.294118,0,0,0,0
0,0.064507,0,0.287887,0,0,0.00028169,0,0.786197,0,0,0,0.287887,0,0.732958,0,0.452958,0,0,0.00169014,0,0.0149296,0.0191549,0,0,0.0560563,0.32507,0.0239437,0.927606,0.296901,0,0,0.0115493,0.0326761,0.624789,0.0109859,0,0,0,0,0,0,0.317183,0,0,0,0,0.0538028,0,0.307042,0.00056338,0.00112676,0.492958,0,0,0.00901408,0,0.32338,0.135493,0,0,0,0,0,0.0028169,0,0,0.433239,0.0740845,0.0766197,0,0.538592,0,0.40507,0.011831,0,0,0,0,0.0171831,0,0,0,0,0,0.417465,0,0,0.235775,0.54338,0,0,0,0.264507,0,0,0,0.0121127,0,0
0,0.00775194,0,0,0,0,0.0852713,0,0.418605,0,0,0,0,0,0.48062,0,0,0,0,0,0,0,0.0310078,0,0,0,0,0,0,0,0,0,0,0,0.775194,0.372093,0,0,0,0,0,0,0.27907,0,0,0,0,0,0,0,0,0,0,0,0,0,0,0,0,0.294574,0.294574,0.0465116,0,0,0.317829,0,0,0,0,0,0.170543,0,0,0.139535,0.0852713,0,0,0,0,0.426357,0,0,0,0,0,0.170543,0,0.170543,0,0,0,0,0,0,0.379845,0.72093,0,0,0,0
0.120243,0,0.00660677,0.0348837,0,0.0325053,0,0,0,0,0.0216702,0.00422833,0.651956,0,0,0.000792812,0.627907,0.00713531,0,0,0,0.0496829,0,0,0.00528541,0.000264271,0.00739958,0,0.878436,0.0623679,0,0,0,0.19741,0,0,0.803911,0,0,0,0.0327696,0,0,0.0229915,0,0,0.00951374,0.49815,0,0.469345,0,0,0.514535,0.0227273,0.00264271,0.139535,0.361522,0.91649,0.383985,0,0,0,0,0.00132135,0,0,0,0.613372,0.804968,0.00951374,0,0.0631607,0,0,0,0,0,0,0.0861522,0,0,0.00343552,0.0710888,0,0,0,0,0,0.552326,0.479915,0,0.0639535,0.0285412,0.475423,0,0,0,0.134514,0,0
0,0,0,0.1241,0,0.17662,0,0,0.293731,0,0,0,0.527107,0,0.015036,0,0.500424,0,0,0,0,0,0.121982,0,0,0.0211775,0.308344,0.0182126,0.108005,0.168573,0,0,0.0588734,0,0.025413,0.266836,0.00338839,0,0,0,0,0,0.609064,0,0,0,0,0,0,0.439432,0,0,0.00148242,0,0,0,0,0.318086,0.336722,0,0.077086,0,0,0,0.0781449,0,0,0.429903,0.0116476,0.000847099,0.000423549,0.760906,0,0.557603,0,0,0,0,0,0.871453,0,0,0,0,0,0.459127,0,0.000635324,0.605252,0.193986,0,0,0,0.0961457,0.00127065,0.165396,0,0.634265,0,0
0,0,0,0.100684,0,0,0,0.725326,0.235593,0,0,0,0.0145728,0,0.000662398,0,0.054979,0,0,0,0.00220799,0,0.350408,0.781629,0,0.201369,0.524398,0.361448,0,0.0920733,0,0.477589,0.387724,0,0.000662398,0.298741,0,0.0388607,0,0.671892,0,0,0.224332,0,0,0,0,0,0.541621,0.0907485,0,0,0,0,0,0,0,0.256127,0,0.00441599,0.263193,0.100243,0,0,0,0,0.000662398,0,0,0,0,0.724663,0,0.39501,0,0.219254,0.000662398,0,0,0.0192095,0,0,0,0.185913,0,0.241554,0,0,0,0.00264959,0,0,0,0.818503,0.322146,0.0945021,0.339369,0,0.0315743,0
0,0,0.317757,0,0,0.953271,0,0,0,0,0,0.28972,0.738318,0,0,0,0.345794,0,0,0,0,0,0,0,0,0,0,0,0,0,0,0,0,0,0,0,0,0,0,0,0,0,0,0,0,0,0,0,0,0.495327,0,0,0,0,0.0280374,0,0,0.953271,0.682243,0,0,0,0,0,0,0,0,0,0,0,0,0,0,0,0,0,0,0,0,0,0,0,0,0,0,0,0,0,0.719626,0,0,0,0.0560748,0.401869,0,0,0,0,0,0
0,0,0,0,0,0,0,0,0,0,0,0,0,0,0,0,0,0,0,0,0,0,0,0,0,0,0,0,0,0,0,0,0,0.333333,0,0,0,0,0,0,0,0,0,0,0,0,0,0.666667,0,0,0.666667,0,0,0,0,0,0,0,0,0,0,0,0,0,0,0,0,0,0,0,0,0,0,0,0,0,0,0,0,0,0,0,0,0,0,0,0,0,0,0,0,0,0,0,0,0,0,0,0,0
0,0,0,0.205714,0,0,0,0.0228571,0.12,0,0,0,0.0285714,0,0,0,0.102857,0,0,0,0.00571429,0,0.182857,0.00571429,0,0.411429,0.714286,0.645714,0,0.177143,0,0.297143,0.302857,0,0,0.04,0,0,0,0,0,0,0.0571429,0,0,0,0,0,0.125714,0.142857,0,0,0,0,0,0,0,0.382857,0,0,0,0,0,0,0,0,0,0,0,0,0,0.788571,0,0.205714,0,0.611429,0,0,0,0,0,0,0,0,0,0.114286,0,0,0,0.00571429,0,0,0,0.725714,0,0,0.662857,0,0,0
0,0,0,0.20074,0,0.105124,0,0,0.010037,0,0,0,0.434231,0,0,0,0.462229,0,0,0,0,0.000528262,0.56524,0,0,0.066561,0.544638,0.064448,0.169572,0.230851,0,0.00845219,0.306392,0,0,0.525092,0.0116218,0,0,0,0,0,0.18859,0,0,0,0,0,0,0.361331,0,0,0.0110935,0,0,0,0,0.172742,0.250924,0,0,0,0,0,0,0,0,0.45906,0,0.0153196,0,0.697306,0,0.499208,0,0.00105652,0,0,0,0,0,0,0,0,0,0.205494,0,0,0.531432,0.254622,0,0,0,0.0105652,0.0211305,0.0522979,0.00211305,0.628632,0,0
0,0.0146281,0,0.0837224,0,0,0.00311236,0.0361033,0.826642,0,0,0,0,0,0.643635,0,0.000311236,0,0.533147,0.000933707,0.548086,0.0087146,0.449113,0.00840336,0,0.34267,0.395892,0.478992,0.000622471,0.0497977,0,0.345472,0.520075,0,0.736383,0.331777,0,0.00497977,0,0.00311236,0,0,0.538438,0,0,0,0,0,0.0706505,0.000311236,0,0,0,0,0,0,0,0.000311236,0,0.0522876,0.164955,0.00217865,0,0,0.0591348,0,0,0,0,0.0902583,0.00466853,0.107999,0,0.62963,0.0087146,0.542484,0,0,0,0.16371,0,0,0,0.293184,0,0.533458,0,0,0,0.000622471,0,0,0,0.00497977,0.1108,0.11329,0.448179,0,0.071273,0
0,0.0357432,0,0.326055,0,0,0.198124,0,0.750283,0,0,0,0.233382,0,0.547307,0,0.396733,0,0.000161734,0.04011,0,0.0140708,0.037037,0,0,0.0635614,0.368591,0.0338024,0.920589,0.346434,0.425036,0,0.024907,0.0171438,0.744299,0.0318616,0,0,0,0,0,0,0.355976,0,0,0,0,0.0307294,0,0.257642,0,0.000808669,0.491994,0,0,0.00743975,0,0.262817,0.109494,0.0428595,0.00824842,0,0,0,0.072295,0,0,0.367621,0.0494905,0.0810286,0.0794113,0.522885,0.00646935,0.445253,0,0,0,0,0,0.0980107,0,0,0,0,0,0.430697,0,0.0291121,0.187935,0.545852,0,0,0,0.218664,0,0.0109979,0,0.00938056,0,0
0,0,0,0.352941,0,0,0,0,0,0,0,0,0,0,0,0,0,0,0.411765,0,0.205882,0.264706,0,0,0,0.588235,0,0.294118,0.441176,0.0294118,0,0.0294118,0,0,0,0,0,0,0.0882353,0,0,0,0,0,0,0,0,0,0,0,0,0,0.764706,0,0,0,0,0,0,0,0,0,0,0,0,0,0,0,0,0.529412,0,0,0,0,0,0,0,0,0,0,0,0,0,0.0882353,0,0,0,0,0,0.147059,0.0294118,0,0,0,0,0,0.117647,0,0,0
0,0.00833499,0,0,0,0,0.0392935,0.76285,0.655884,0,0,0,0,0,0.578289,0,0,0,0,0,0,0,0.377059,0.55507,0,0.010518,0.103989,0.102798,0,0,0,0.410597,0.342528,0,0.750546,0.46537,0,0.15519,0,0,0,0,0.449097,0,0,0,0,0,0.355428,0,0,0,0,0,0,0,0,0,0,0.165707,0.408414,0.244295,0,0,0.179202,0,0.000198452,0,0,0,0.068466,0.00436595,0,0.436198,0.0426672,0.0371105,0.00833499,0,0,0.307601,0.0190514,0,0,0.0508037,0,0.39353,0,0.0577496,0