37,172,452,886,0,0,0,0,0,0,0,0,0,0,0,0,0,0
26,111,216,1412,0,0,0,0,0,0,0,0,0,0,0,0,0,0
66,349,793,1389,0,0,0,0,0,0,0,0,0,0,0,0,0,0
26,185,623,1268,0,0,0,0,0,0,0,0,0,0,0,0,0,0
40,650,1457,0,0,0,0,0,0,0,0,0,0,0,0,0,0,0
50,234,1220,0,0,0,0,0,0,0,0,0,0,0,0,0,0,0
33,134,283,867,0,0,0,0,0,0,0,0,0,0,0,0,0,0
78,340,918,0,0,0,0,0,0,0,0,0,0,0,0,0,0,0
39,242,1094,0,0,0,0,0,0,0,0,0,0,0,0,0,0,0
114,270,559,0,0,0,0,0,0,0,0,0,0,0,0,0,0,0
40,161,433,1413,0,0,0,0,0,0,0,0,0,0,0,0,0,0
46,228,1181,0,0,0,0,0,0,0,0,0,0,0,0,0,0,0
60,249,493,1388,0,0,0,0,0,0,0,0,0,0,0,0,0,0
28,115,290,1240,0,0,0,0,0,0,0,0,0,0,0,0,0,0
67,370,803,1617,0,0,0,0,0,0,0,0,0,0,0,0,0,0
26,51,116,282,824,974,1330,1530,1579,1704,0,0,0,0,0,0,0,0
36,110,567,1353,0,0,0,0,0,0,0,0,0,0,0,0,0,0
44,503,830,0,0,0,0,0,0,0,0,0,0,0,0,0,0,0
32,143,423,1134,0,0,0,0,0,0,0,0,0,0,0,0,0,0
26,91,266,1505,0,0,0,0,0,0,0,0,0,0,0,0,0,0
60,153,223,299,475,1219,1326,0,0,0,0,0,0,0,0,0,0,0
31,202,569,795,847,1091,1316,1671,1717,0,0,0,0,0,0,0,0,0
30,455,741,1662,0,0,0,0,0,0,0,0,0,0,0,0,0,0
35,194,482,1182,0,0,0,0,0,0,0,0,0,0,0,0,0,0
99,127,537,1183,1633,0,0,0,0,0,0,0,0,0,0,0,0,0
26,218,1220,0,0,0,0,0,0,0,0,0,0,0,0,0,0,0
58,112,390,1440,0,0,0,0,0,0,0,0,0,0,0,0,0,0
46,195,381,1082,0,0,0,0,0,0,0,0,0,0,0,0,0,0
28,132,397,645,1629,0,0,0,0,0,0,0,0,0,0,0,0,0
44,334,541,1058,0,0,0,0,0,0,0,0,0,0,0,0,0,0
30,168,465,944,0,0,0,0,0,0,0,0,0,0,0,0,0,0
56,142,441,850,0,0,0,0,0,0,0,0,0,0,0,0,0,0
40,188,684,1436,0,0,0,0,0,0,0,0,0,0,0,0,0,0
64,274,913,0,0,0,0,0,0,0,0,0,0,0,0,0,0,0
46,259,696,1510,0,0,0,0,0,0,0,0,0,0,0,0,0,0
26,107,501,1302,0,0,0,0,0,0,0,0,0,0,0,0,0,0
26,156,193,252,317,431,814,1087,1679,0,0,0,0,0,0,0,0,0
49,364,558,872,0,0,0,0,0,0,0,0,0,0,0,0,0,0
26,105,620,1531,0,0,0,0,0,0,0,0,0,0,0,0,0,0
38,115,216,354,379,449,654,883,931,1320,1356,1468,1500,1607,1636,1717,1871,1901
80,147,566,830,1018,1059,1223,0,0,0,0,0,0,0,0,0,0,0
26,255,523,840,1525,0,0,0,0,0,0,0,0,0,0,0,0,0
157,519,1226,0,0,0,0,0,0,0,0,0,0,0,0,0,0,0
50,350,0,0,0,0,0,0,0,0,0,0,0,0,0,0,0,0
26,189,738,1178,1494,0,0,0,0,0,0,0,0,0,0,0,0,0
30,205,843,0,0,0,0,0,0,0,0,0,0,0,0,0,0,0
26,68,194,402,1088,0,0,0,0,0,0,0,0,0,0,0,0,0
291,850,1637,0,0,0,0,0,0,0,0,0,0,0,0,0,0,0
26,218,521,926,0,0,0,0,0,0,0,0,0,0,0,0,0,0
59,443,886,911,1245,1438,0,0,0,0,0,0,0,0,0,0,0,0
43,310,966,0,0,0,0,0,0,0,0,0,0,0,0,0,0,0
42,303,827,0,0,0,0,0,0,0,0,0,0,0,0,0,0,0
39,176,468,1478,0,0,0,0,0,0,0,0,0,0,0,0,0,0
76,288,611,0,0,0,0,0,0,0,0,0,0,0,0,0,0,0
30,126,341,981,0,0,0,0,0,0,0,0,0,0,0,0,0,0
42,208,434,800,1334,0,0,0,0,0,0,0,0,0,0,0,0,0
247,462,1079,0,0,0,0,0,0,0,0,0,0,0,0,0,0,0
103,223,476,817,0,0,0,0,0,0,0,0,0,0,0,0,0,0
97,838,1579,0,0,0,0,0,0,0,0,0,0,0,0,0,0,0
54,637,1279,0,0,0,0,0,0,0,0,0,0,0,0,0,0,0
32,133,272,647,0,0,0,0,0,0,0,0,0,0,0,0,0,0
26,121,186,300,437,708,1659,0,0,0,0,0,0,0,0,0,0,0
53,290,824,0,0,0,0,0,0,0,0,0,0,0,0,0,0,0
29,93,461,1391,0,0,0,0,0,0,0,0,0,0,0,0,0,0
73,98,177,327,923,1187,1523,0,0,0,0,0,0,0,0,0,0,0
40,330,885,0,0,0,0,0,0,0,0,0,0,0,0,0,0,0
48,768,1105,0,0,0,0,0,0,0,0,0,0,0,0,0,0,0
36,164,614,1310,0,0,0,0,0,0,0,0,0,0,0,0,0,0
118,684,1077,0,0,0,0,0,0,0,0,0,0,0,0,0,0,0
27,224,990,0,0,0,0,0,0,0,0,0,0,0,0,0,0,0
43,132,397,891,0,0,0,0,0,0,0,0,0,0,0,0,0,0
30,292,0,0,0,0,0,0,0,0,0,0,0,0,0,0,0,0
30,142,305,375,941,1190,0,0,0,0,0,0,0,0,0,0,0,0
65,112,181,417,795,924,1245,1574,0,0,0,0,0,0,0,0,0,0
26,69,249,0,0,0,0,0,0,0,0,0,0,0,0,0,0,0
49,279,395,770,930,1533,0,0,0,0,0,0,0,0,0,0,0,0
26,146,281,825,0,0,0,0,0,0,0,0,0,0,0,0,0,0
34,433,0,0,0,0,0,0,0,0,0,0,0,0,0,0,0,0
26,120,245,1282,0,0,0,0,0,0,0,0,0,0,0,0,0,0
87,477,1238,0,0,0,0,0,0,0,0,0,0,0,0,0,0,0
26,248,928,0,0,0,0,0,0,0,0,0,0,0,0,0,0,0
84,279,577,861,0,0,0,0,0,0,0,0,0,0,0,0,0,0
26,139,401,1188,0,0,0,0,0,0,0,0,0,0,0,0,0,0
39,532,1373,0,0,0,0,0,0,0,0,0,0,0,0,0,0,0
38,166,589,1642,0,0,0,0,0,0,0,0,0,0,0,0,0,0
45,261,495,1597,0,0,0,0,0,0,0,0,0,0,0,0,0,0
44,177,508,1148,0,0,0,0,0,0,0,0,0,0,0,0,0,0
72,116,359,504,1202,1367,0,0,0,0,0,0,0,0,0,0,0,0
41,301,1036,0,0,0,0,0,0,0,0,0,0,0,0,0,0,0
31,145,518,1166,0,0,0,0,0,0,0,0,0,0,0,0,0,0
26,86,204,310,809,0,0,0,0,0,0,0,0,0,0,0,0,0
28,734,850,1146,1406,1600,1808,1972,0,0,0,0,0,0,0,0,0,0
29,114,154,235,352,548,738,825,1486,1706,0,0,0,0,0,0,0,0
70,418,649,1511,0,0,0,0,0,0,0,0,0,0,0,0,0,0
118,801,0,0,0,0,0,0,0,0,0,0,0,0,0,0,0,0
26,239,574,1065,0,0,0,0,0,0,0,0,0,0,0,0,0,0
50,75,488,513,558,1381,1525,0,0,0,0,0,0,0,0,0,0,0
111,183,1430,1592,0,0,0,0,0,0,0,0,0,0,0,0,0,0
26,136,376,0,0,0,0,0,0,0,0,0,0,0,0,0,0,0
26,233,748,818,0,0,0,0,0,0,0,0,0,0,0,0,0,0
29,113,138,191,310,337,493,735,1063,1208,1765,0,0,0,0,0,0,0
73,183,714,1218,0,0,0,0,0,0,0,0,0,0,0,0,0,0
51,248,743,0,0,0,0,0,0,0,0,0,0,0,0,0,0,0
47,405,765,0,0,0,0,0,0,0,0,0,0,0,0,0,0,0
62,402,1012,0,0,0,0,0,0,0,0,0,0,0,0,0,0,0
50,89,143,168,245,394,419,472,660,691,758,783,846,923,1179,1204,1318,0
34,328,1214,0,0,0,0,0,0,0,0,0,0,0,0,0,0,0
26,181,244,571,822,1159,1424,1653,0,0,0,0,0,0,0,0,0,0
48,116,176,203,270,380,655,901,1017,1283,1359,1385,1520,1643,1724,1749,1831,1935
71,419,944,0,0,0,0,0,0,0,0,0,0,0,0,0,0,0
56,122,683,1311,0,0,0,0,0,0,0,0,0,0,0,0,0,0
26,371,624,784,848,0,0,0,0,0,0,0,0,0,0,0,0,0
79,152,257,352,525,921,991,1275,0,0,0,0,0,0,0,0,0,0
61,395,1224,0,0,0,0,0,0,0,0,0,0,0,0,0,0,0
41,172,491,1572,0,0,0,0,0,0,0,0,0,0,0,0,0,0
26,250,289,495,751,1680,0,0,0,0,0,0,0,0,0,0,0,0
30,197,1013,0,0,0,0,0,0,0,0,0,0,0,0,0,0,0
47,133,733,1291,0,0,0,0,0,0,0,0,0,0,0,0,0,0
59,306,680,1214,0,0,0,0,0,0,0,0,0,0,0,0,0,0
46,242,591,1054,0,0,0,0,0,0,0,0,0,0,0,0,0,0
26,177,394,0,0,0,0,0,0,0,0,0,0,0,0,0,0,0
26,72,370,431,605,933,0,0,0,0,0,0,0,0,0,0,0,0
35,80,362,1610,0,0,0,0,0,0,0,0,0,0,0,0,0,0
31,167,638,769,1233,1573,0,0,0,0,0,0,0,0,0,0,0,0
29,75,251,827,0,0,0,0,0,0,0,0,0,0,0,0,0,0
26,488,558,716,0,0,0,0,0,0,0,0,0,0,0,0,0,0
38,213,665,1381,0,0,0,0,0,0,0,0,0,0,0,0,0,0
26,194,1391,0,0,0,0,0,0,0,0,0,0,0,0,0,0,0
27,202,1633,0,0,0,0,0,0,0,0,0,0,0,0,0,0,0
32,198,761,1288,0,0,0,0,0,0,0,0,0,0,0,0,0,0
49,324,0,0,0,0,0,0,0,0,0,0,0,0,0,0,0,0
26,144,483,1125,0,0,0,0,0,0,0,0,0,0,0,0,0,0
26,176,1085,0,0,0,0,0,0,0,0,0,0,0,0,0,0,0
114,395,1604,0,0,0,0,0,0,0,0,0,0,0,0,0,0,0
27,161,527,961,0,0,0,0,0,0,0,0,0,0,0,0,0,0
46,189,572,1130,0,0,0,0,0,0,0,0,0,0,0,0,0,0
118,176,436,554,1649,1710,0,0,0,0,0,0,0,0,0,0,0,0
26,153,338,1086,1344,1670,0,0,0,0,0,0,0,0,0,0,0,0
26,235,698,0,0,0,0,0,0,0,0,0,0,0,0,0,0,0
132,185,251,427,452,589,707,1854,1948,0,0,0,0,0,0,0,0,0
68,173,528,0,0,0,0,0,0,0,0,0,0,0,0,0,0,0
26,132,445,1189,0,0,0,0,0,0,0,0,0,0,0,0,0,0
131,435,961,0,0,0,0,0,0,0,0,0,0,0,0,0,0,0
27,504,854,0,0,0,0,0,0,0,0,0,0,0,0,0,0,0
42,416,1043,0,0,0,0,0,0,0,0,0,0,0,0,0,0,0
26,103,583,0,0,0,0,0,0,0,0,0,0,0,0,0,0,0
58,448,960,0,0,0,0,0,0,0,0,0,0,0,0,0,0,0
29,284,700,1216,0,0,0,0,0,0,0,0,0,0,0,0,0,0
57,269,852,0,0,0,0,0,0,0,0,0,0,0,0,0,0,0
52,278,958,0,0,0,0,0,0,0,0,0,0,0,0,0,0,0
90,583,1182,0,0,0,0,0,0,0,0,0,0,0,0,0,0,0
26,81,538,892,0,0,0,0,0,0,0,0,0,0,0,0,0,0
34,211,648,0,0,0,0,0,0,0,0,0,0,0,0,0,0,0
26,90,296,860,0,0,0,0,0,0,0,0,0,0,0,0,0,0
139,274,509,1284,0,0,0,0,0,0,0,0,0,0,0,0,0,0
161,353,982,0,0,0,0,0,0,0,0,0,0,0,0,0,0,0
175,325,918,1342,0,0,0,0,0,0,0,0,0,0,0,0,0,0
26,221,359,800,1385,1813,0,0,0,0,0,0,0,0,0,0,0,0
29,81,363,662,0,0,0,0,0,0,0,0,0,0,0,0,0,0
26,102,554,1052,0,0,0,0,0,0,0,0,0,0,0,0,0,0
44,434,608,0,0,0,0,0,0,0,0,0,0,0,0,0,0,0
28,406,1001,0,0,0,0,0,0,0,0,0,0,0,0,0,0,0
46,246,471,897,0,0,0,0,0,0,0,0,0,0,0,0,0,0
46,202,514,1404,0,0,0,0,0,0,0,0,0,0,0,0,0,0
57,240,701,0,0,0,0,0,0,0,0,0,0,0,0,0,0,0
57,382,0,0,0,0,0,0,0,0,0,0,0,0,0,0,0,0
28,187,643,0,0,0,0,0,0,0,0,0,0,0,0,0,0,0
102,188,482,726,963,1024,1451,0,0,0,0,0,0,0,0,0,0,0
26,195,220,561,586,1214,0,0,0,0,0,0,0,0,0,0,0,0
34,156,307,360,531,622,746,956,1370,1395,1668,1709,0,0,0,0,0,0
80,140,220,378,476,784,1006,1532,1740,0,0,0,0,0,0,0,0,0
26,137,311,382,727,0,0,0,0,0,0,0,0,0,0,0,0,0
46,185,552,1303,0,0,0,0,0,0,0,0,0,0,0,0,0,0
30,141,384,1039,0,0,0,0,0,0,0,0,0,0,0,0,0,0
26,181,761,1299,0,0,0,0,0,0,0,0,0,0,0,0,0,0
26,87,117,220,590,722,1181,0,0,0,0,0,0,0,0,0,0,0
88,250,1280,1738,0,0,0,0,0,0,0,0,0,0,0,0,0,0
47,496,1017,0,0,0,0,0,0,0,0,0,0,0,0,0,0,0
27,409,0,0,0,0,0,0,0,0,0,0,0,0,0,0,0,0
33,241,683,1348,0,0,0,0,0,0,0,0,0,0,0,0,0,0
26,93,343,834,0,0,0,0,0,0,0,0,0,0,0,0,0,0
26,207,1023,0,0,0,0,0,0,0,0,0,0,0,0,0,0,0
26,566,1123,0,0,0,0,0,0,0,0,0,0,0,0,0,0,0
146,411,751,0,0,0,0,0,0,0,0,0,0,0,0,0,0,0
122,386,1417,0,0,0,0,0,0,0,0,0,0,0,0,0,0,0
131,360,0,0,0,0,0,0,0,0,0,0,0,0,0,0,0,0
27,135,515,0,0,0,0,0,0,0,0,0,0,0,0,0,0,0
50,253,612,1570,0,0,0,0,0,0,0,0,0,0,0,0,0,0
26,71,299,949,0,0,0,0,0,0,0,0,0,0,0,0,0,0
26,75,931,1416,0,0,0,0,0,0,0,0,0,0,0,0,0,0
30,150,453,1203,0,0,0,0,0,0,0,0,0,0,0,0,0,0
46,308,941,0,0,0,0,0,0,0,0,0,0,0,0,0,0,0
58,309,636,1093,0,0,0,0,0,0,0,0,0,0,0,0,0,0
62,200,516,768,0,0,0,0,0,0,0,0,0,0,0,0,0,0
29,116,237,679,0,0,0,0,0,0,0,0,0,0,0,0,0,0
26,97,606,1033,0,0,0,0,0,0,0,0,0,0,0,0,0,0
56,203,492,1135,0,0,0,0,0,0,0,0,0,0,0,0,0,0
26,115,292,710,1093,0,0,0,0,0,0,0,0,0,0,0,0,0
27,149,330,702,0,0,0,0,0,0,0,0,0,0,0,0,0,0
26,146,240,1102,1525,0,0,0,0,0,0,0,0,0,0,0,0,0
86,262,735,1291,0,0,0,0,0,0,0,0,0,0,0,0,0,0
38,90,313,1322,0,0,0,0,0,0,0,0,0,0,0,0,0,0
26,103,329,860,0,0,0,0,0,0,0,0,0,0,0,0,0,0
474,1079,0,0,0,0,0,0,0,0,0,0,0,0,0,0,0,0
37,607,1085,0,0,0,0,0,0,0,0,0,0,0,0,0,0,0
44,131,485,677,714,882,0,0,0,0,0,0,0,0,0,0,0,0
31,110,440,676,1249,0,0,0,0,0,0,0,0,0,0,0,0,0
29,113,303,1047,0,0,0,0,0,0,0,0,0,0,0,0,0,0
26,123,482,1014,0,0,0,0,0,0,0,0,0,0,0,0,0,0
47,151,721,1214,0,0,0,0,0,0,0,0,0,0,0,0,0,0
97,445,785,0,0,0,0,0,0,0,0,0,0,0,0,0,0,0
26,149,658,766,1274,0,0,0,0,0,0,0,0,0,0,0,0,0
26,259,314,360,439,696,1351,0,0,0,0,0,0,0,0,0,0,0
35,81,179,323,693,1226,1313,1650,0,0,0,0,0,0,0,0,0,0
52,668,0,0,0,0,0,0,0,0,0,0,0,0,0,0,0,0
212,552,597,622,721,987,1097,1480,1550,0,0,0,0,0,0,0,0,0
30,289,515,996,0,0,0,0,0,0,0,0,0,0,0,0,0,0
58,213,591,1343,0,0,0,0,0,0,0,0,0,0,0,0,0,0
50,217,384,598,1481,0,0,0,0,0,0,0,0,0,0,0,0,0
112,689,860,0,0,0,0,0,0,0,0,0,0,0,0,0,0,0
26,169,376,960,0,0,0,0,0,0,0,0,0,0,0,0,0,0
26,286,748,784,0,0,0,0,0,0,0,0,0,0,0,0,0,0
145,336,1172,0,0,0,0,0,0,0,0,0,0,0,0,0,0,0
61,232,542,0,0,0,0,0,0,0,0,0,0,0,0,0,0,0
26,147,423,1203,0,0,0,0,0,0,0,0,0,0,0,0,0,0
28,140,451,1219,0,0,0,0,0,0,0,0,0,0,0,0,0,0
30,181,506,967,0,0,0,0,0,0,0,0,0,0,0,0,0,0
37,135,473,1035,0,0,0,0,0,0,0,0,0,0,0,0,0,0
49,200,704,0,0,0,0,0,0,0,0,0,0,0,0,0,0,0
27,165,752,1593,0,0,0,0,0,0,0,0,0,0,0,0,0,0
44,225,816,0,0,0,0,0,0,0,0,0,0,0,0,0,0,0
43,259,1058,0,0,0,0,0,0,0,0,0,0,0,0,0,0,0
125,606,1188,0,0,0,0,0,0,0,0,0,0,0,0,0,0,0
53,214,657,0,0,0,0,0,0,0,0,0,0,0,0,0,0,0
39,293,664,1072,0,0,0,0,0,0,0,0,0,0,0,0,0,0
33,232,854,0,0,0,0,0,0,0,0,0,0,0,0,0,0,0
28,166,303,729,0,0,0,0,0,0,0,0,0,0,0,0,0,0
31,144,426,0,0,0,0,0,0,0,0,0,0,0,0,0,0,0
30,70,195,287,366,409,701,786,902,0,0,0,0,0,0,0,0,0
57,259,638,1266,0,0,0,0,0,0,0,0,0,0,0,0,0,0
46,151,674,1185,0,0,0,0,0,0,0,0,0,0,0,0,0,0
26,177,522,833,0,0,0,0,0,0,0,0,0,0,0,0,0,0
246,372,877,0,0,0,0,0,0,0,0,0,0,0,0,0,0,0
26,144,847,0,0,0,0,0,0,0,0,0,0,0,0,0,0,0
36,266,480,1522,0,0,0,0,0,0,0,0,0,0,0,0,0,0
57,129,669,1496,0,0,0,0,0,0,0,0,0,0,0,0,0,0
52,475,915,0,0,0,0,0,0,0,0,0,0,0,0,0,0,0
34,216,835,0,0,0,0,0,0,0,0,0,0,0,0,0,0,0
29,228,519,1032,0,0,0,0,0,0,0,0,0,0,0,0,0,0
26,107,416,1083,0,0,0,0,0,0,0,0,0,0,0,0,0,0
26,98,498,706,0,0,0,0,0,0,0,0,0,0,0,0,0,0
64,509,1484,0,0,0,0,0,0,0,0,0,0,0,0,0,0,0
29,131,763,1103,0,0,0,0,0,0,0,0,0,0,0,0,0,0
31,137,354,915,0,0,0,0,0,0,0,0,0,0,0,0,0,0
61,160,185,464,1079,0,0,0,0,0,0,0,0,0,0,0,0,0
104,412,1044,0,0,0,0,0,0,0,0,0,0,0,0,0,0,0
129,213,646,685,789,1404,0,0,0,0,0,0,0,0,0,0,0,0
28,204,880,1283,0,0,0,0,0,0,0,0,0,0,0,0,0,0
32,149,1448,0,0,0,0,0,0,0,0,0,0,0,0,0,0,0
27,233,582,1199,0,0,0,0,0,0,0,0,0,0,0,0,0,0
27,68,314,397,747,1522,0,0,0,0,0,0,0,0,0,0,0,0
197,280,475,1219,0,0,0,0,0,0,0,0,0,0,0,0,0,0
49,202,596,1411,0,0,0,0,0,0,0,0,0,0,0,0,0,0
26,179,839,1500,0,0,0,0,0,0,0,0,0,0,0,0,0,0
39,142,440,1122,0,0,0,0,0,0,0,0,0,0,0,0,0,0
33,312,359,499,1169,1573,0,0,0,0,0,0,0,0,0,0,0,0
30,119,612,858,0,0,0,0,0,0,0,0,0,0,0,0,0,0
87,248,384,1191,1446,0,0,0,0,0,0,0,0,0,0,0,0,0
84,485,751,1592,0,0,0,0,0,0,0,0,0,0,0,0,0,0
27,457,654,936,0,0,0,0,0,0,0,0,0,0,0,0,0,0
40,169,358,858,1275,1742,0,0,0,0,0,0,0,0,0,0,0,0
66,590,1141,0,0,0,0,0,0,0,0,0,0,0,0,0,0,0
29,194,614,1299,0,0,0,0,0,0,0,0,0,0,0,0,0,0
52,217,636,1344,0,0,0,0,0,0,0,0,0,0,0,0,0,0
58,86,220,245,805,1180,1524,1857,0,0,0,0,0,0,0,0,0,0
49,196,559,1260,0,0,0,0,0,0,0,0,0,0,0,0,0,0
26,122,272,1457,1830,0,0,0,0,0,0,0,0,0,0,0,0,0
87,467,741,0,0,0,0,0,0,0,0,0,0,0,0,0,0,0
29,304,741,0,0,0,0,0,0,0,0,0,0,0,0,0,0,0
58,277,411,436,707,733,1022,1102,1221,1586,0,0,0,0,0,0,0,0
39,107,156,712,1642,0,0,0,0,0,0,0,0,0,0,0,0,0
89,360,829,0,0,0,0,0,0,0,0,0,0,0,0,0,0,0
26,194,670,848,1215,1555,0,0,0,0,0,0,0,0,0,0,0,0
54,224,738,1344,0,0,0,0,0,0,0,0,0,0,0,0,0,0
115,419,1062,1177,1252,1492,0,0,0,0,0,0,0,0,0,0,0,0
33,166,460,582,851,1289,1380,0,0,0,0,0,0,0,0,0,0,0
76,302,0,0,0,0,0,0,0,0,0,0,0,0,0,0,0,0
28,64,218,672,1317,0,0,0,0,0,0,0,0,0,0,0,0,0
33,210,641,1118,1308,0,0,0,0,0,0,0,0,0,0,0,0,0
27,264,594,1304,0,0,0,0,0,0,0,0,0,0,0,0,0,0
51,115,285,310,412,1233,1574,0,0,0,0,0,0,0,0,0,0,0
32,154,283,1257,0,0,0,0,0,0,0,0,0,0,0,0,0,0
27,635,961,0,0,0,0,0,0,0,0,0,0,0,0,0,0,0
39,195,498,0,0,0,0,0,0,0,0,0,0,0,0,0,0,0
26,64,100,301,381,605,1243,1433,1463,1576,1626,1925,0,0,0,0,0,0
26,139,401,1188,0,0,0,0,0,0,0,0,0,0,0,0,0,0
27,65,111,725,1049,1152,1383,1415,1662,0,0,0,0,0,0,0,0,0
73,343,1054,0,0,0,0,0,0,0,0,0,0,0,0,0,0,0
26,68,93,328,353,616,655,1011,1051,1182,0,0,0,0,0,0,0,0
108,436,1308,0,0,0,0,0,0,0,0,0,0,0,0,0,0,0
