577,578,58,56,74,75,89
577,578,58,56,74,53,89
577,578,58,391,76,75,89
577,578,393,391,76,75,89
577,578,58,56,76,75,89
577,579,575,578,58,56,74,75,89
577,579,575,578,58,56,74,53,89
577,579,575,578,58,391,76,75,89
577,579,575,578,393,391,76,75,89
577,579,575,574,393,391,76,75,89
577,579,575,578,58,56,76,75,89
577,578,575,574,393,391,76,75,89
577,392,72,57,55,52,74,75,89
577,392,72,57,58,56,74,75,89
577,392,72,57,55,52,74,53,89
577,392,72,57,55,52,51,53,89
577,392,72,57,58,56,74,53,89
577,392,72,57,55,56,74,75,89
577,392,72,57,55,56,74,53,89
577,392,72,57,58,391,76,75,89
577,392,72,57,58,56,76,75,89
577,392,72,57,55,56,76,75,89
577,392,624,590,72,57,55,52,74,75,89
577,392,624,590,72,57,58,56,74,75,89
577,392,624,590,72,57,55,52,74,53,89
577,392,624,590,72,57,55,52,51,53,89
577,392,624,590,72,57,58,56,74,53,89
577,392,624,590,72,57,55,56,74,75,89
577,392,624,590,72,57,55,56,74,53,89
577,392,624,590,72,57,58,391,76,75,89
577,392,624,590,72,57,58,56,76,75,89
577,392,624,590,72,57,55,56,76,75,89
577,578,58,56,74,53,88,101,89
577,578,58,56,55,52,74,75,89
577,578,58,56,74,52,51,53,89
577,578,58,56,55,52,74,53,89
577,578,58,56,55,52,51,53,89
577,578,58,57,55,52,74,75,89
577,392,72,71,54,52,74,75,89
577,392,72,71,54,70,51,53,89
577,578,58,57,55,52,74,53,89
577,578,58,57,55,52,51,53,89
577,392,72,71,54,52,74,53,89
577,392,72,71,54,52,51,53,89
577,578,58,57,55,56,74,75,89
577,578,58,391,76,56,74,75,89
577,578,393,391,76,56,74,75,89
577,578,58,57,55,56,74,53,89
577,578,58,391,76,56,74,53,89
577,578,393,391,76,56,74,53,89
577,578,58,56,74,75,77,78,89
577,578,58,57,55,56,76,75,89
577,578,58,391,76,75,74,53,89
577,578,58,391,126,124,76,75,89
577,578,393,391,76,75,74,53,89
577,578,393,391,58,56,74,75,89
577,578,393,391,126,124,76,75,89
577,578,58,391,126,124,77,78,89
577,578,58,56,76,75,74,53,89
577,578,393,391,126,124,77,78,89
577,578,393,391,58,56,74,53,89
577,578,393,573,128,126,391,76,75,89
577,578,58,391,76,75,77,78,89
577,578,58,391,76,124,77,78,89
577,578,58,391,126,124,77,75,89
577,578,393,573,128,126,124,76,75,89
577,578,393,391,76,75,77,78,89
577,578,393,391,76,124,77,78,89
577,578,393,391,126,124,77,75,89
577,578,58,56,76,75,77,78,89
577,578,58,56,76,124,77,78,89
577,578,393,573,128,126,124,77,78,89
577,578,58,391,76,124,77,75,89
577,578,393,391,58,56,76,75,89
577,578,393,391,76,124,77,75,89
577,578,58,56,76,124,77,75,89
577,578,393,573,128,126,124,77,75,89
577,579,575,578,58,56,74,53,88,101,89
577,579,575,578,58,56,55,52,74,75,89
577,579,575,578,58,56,74,52,51,53,89
577,579,575,578,58,56,55,52,74,53,89
577,579,575,578,58,56,55,52,51,53,89
577,579,575,578,58,57,55,52,74,75,89
577,392,72,590,73,71,54,52,74,75,89
577,392,72,590,73,71,54,70,51,53,89
577,392,624,590,73,71,54,52,74,75,89
577,392,624,590,73,71,54,70,51,53,89
577,579,575,578,58,57,55,52,74,53,89
577,579,575,578,58,57,55,52,51,53,89
577,392,72,590,73,71,54,52,74,53,89
577,392,624,590,72,71,54,52,74,75,89
577,392,72,590,73,71,54,52,51,53,89
577,392,624,590,72,71,54,70,51,53,89
577,579,575,578,58,57,55,56,74,75,89
577,392,624,590,73,71,54,52,74,53,89
577,579,575,578,58,391,76,56,74,75,89
577,392,624,590,73,71,54,52,51,53,89
577,392,624,590,72,71,54,52,74,53,89
577,392,624,590,72,71,54,52,51,53,89
577,579,575,578,393,391,76,56,74,75,89
577,579,575,578,58,57,55,56,74,53,89
577,579,575,578,58,391,76,56,74,53,89
577,579,575,574,393,391,76,56,74,75,89
577,579,575,574,393,578,58,56,74,75,89
577,579,575,578,393,391,76,56,74,53,89
577,579,575,574,393,391,76,56,74,53,89
577,579,575,574,393,578,58,56,74,53,89
577,579,575,578,58,56,74,75,77,78,89
577,578,575,574,393,391,76,56,74,75,89
577,579,575,578,58,57,55,56,76,75,89
577,579,575,578,58,391,76,75,74,53,89
577,579,575,578,58,391,126,124,76,75,89
577,579,575,574,131,573,393,391,76,75,89
577,579,575,574,393,578,58,391,76,75,89
577,579,575,578,393,391,76,75,74,53,89
577,579,575,578,393,391,58,56,74,75,89
577,579,575,578,393,391,126,124,76,75,89
577,578,575,574,393,391,76,56,74,53,89
577,579,575,578,58,391,126,124,77,78,89
577,579,575,574,393,391,76,75,74,53,89
577,579,575,574,393,391,58,56,74,75,89
577,579,575,578,58,56,76,75,74,53,89
577,579,575,574,393,391,126,124,76,75,89
577,579,575,578,393,391,126,124,77,78,89
577,579,575,578,393,391,58,56,74,53,89
577,579,575,574,393,578,58,56,76,75,89
577,579,575,574,393,391,126,124,77,78,89
577,579,575,574,393,391,58,56,74,53,89
577,579,575,578,393,573,128,126,391,76,75,89
577,579,575,578,58,391,76,75,77,78,89
577,579,575,578,58,391,76,124,77,78,89
577,578,575,574,131,573,393,391,76,75,89
577,579,575,574,131,573,128,126,391,76,75,89
577,579,575,578,58,391,126,124,77,75,89
577,579,575,574,393,573,128,126,391,76,75,89
577,579,575,578,393,573,128,126,124,76,75,89
577,579,575,578,393,391,76,75,77,78,89
577,579,575,578,393,391,76,124,77,78,89
577,579,575,574,131,573,128,126,124,76,75,89
577,579,575,578,393,391,126,124,77,75,89
577,579,575,574,393,573,128,126,124,76,75,89
577,578,575,574,393,391,76,75,74,53,89
577,578,575,574,393,391,58,56,74,75,89
577,579,575,574,393,391,76,75,77,78,89
577,578,575,574,393,391,126,124,76,75,89
577,579,575,574,393,391,76,124,77,78,89
577,579,575,578,58,56,76,75,77,78,89
577,579,575,578,58,56,76,124,77,78,89
577,579,575,578,393,573,128,126,124,77,78,89
577,579,575,574,393,391,126,124,77,75,89
577,579,575,574,131,573,128,126,124,77,78,89
577,579,575,574,393,573,128,126,124,77,78,89
577,579,575,578,58,391,76,124,77,75,89
577,578,575,574,393,391,126,124,77,78,89
577,578,575,574,393,391,58,56,74,53,89
577,579,575,578,393,391,58,56,76,75,89
577,579,575,578,393,391,76,124,77,75,89
577,578,575,574,131,573,128,126,391,76,75,89
577,578,575,574,393,573,128,126,391,76,75,89
577,579,575,574,393,391,58,56,76,75,89
577,579,575,574,393,391,76,124,77,75,89
577,579,575,578,58,56,76,124,77,75,89
577,579,575,578,393,573,128,126,124,77,75,89
577,578,575,574,131,573,128,126,124,76,75,89
577,579,575,574,131,573,128,126,124,77,75,89
577,578,575,574,393,573,128,126,124,76,75,89
577,579,575,574,393,573,128,126,124,77,75,89
577,578,575,574,393,391,76,75,77,78,89
577,578,575,574,393,391,76,124,77,78,89
577,578,575,574,393,391,126,124,77,75,89
577,578,393,574,131,573,128,126,391,76,75,89
577,578,575,574,131,573,128,126,124,77,78,89
577,578,575,574,393,573,128,126,124,77,78,89
577,578,393,574,131,573,128,126,124,76,75,89
577,578,575,574,393,391,58,56,76,75,89
577,578,393,574,131,573,128,126,124,77,78,89
577,578,575,574,393,391,76,124,77,75,89
577,578,575,574,131,573,128,126,124,77,75,89
577,578,575,574,393,573,128,126,124,77,75,89
577,578,393,574,131,573,128,126,124,77,75,89
577,579,727,576,574,393,391,76,75,89
577,579,575,578,393,574,131,573,128,126,391,76,75,89
577,579,727,753,674,589,576,574,393,391,76,75,89
577,579,575,578,393,574,131,573,128,126,124,76,75,89
577,392,72,71,595,621,70,51,53,89
577,579,575,578,393,574,131,573,128,126,124,77,78,89
577,392,72,57,55,52,51,48,88,101,89
577,392,72,57,55,52,74,53,88,101,89
577,392,72,57,55,52,51,53,88,101,89
577,579,575,578,393,574,131,573,128,126,124,77,75,89
577,392,72,57,58,56,74,53,88,101,89
577,392,72,57,55,56,74,53,88,101,89
577,392,72,57,58,56,55,52,74,75,89
577,392,72,57,58,56,74,52,51,53,89
577,392,72,57,58,56,55,52,74,53,89
577,392,72,57,58,56,55,52,51,53,89
577,392,72,57,55,56,74,52,51,53,89
577,579,727,752,754,753,674,589,576,574,393,391,76,75,89
577,392,72,57,58,391,76,56,74,75,89
577,392,72,57,55,52,51,53,74,75,89
577,392,72,57,58,391,76,56,74,53,89
577,392,72,57,55,52,51,48,88,53,89
577,392,72,57,55,56,58,391,76,75,89
577,392,72,57,55,52,74,75,77,78,89
577,392,72,57,58,56,74,75,77,78,89
577,392,72,57,58,391,76,75,74,53,89
577,392,72,57,58,391,126,124,76,75,89
577,392,72,57,55,56,74,75,77,78,89
577,392,72,57,58,391,126,124,77,78,89
577,392,72,57,58,56,76,75,74,53,89
577,392,72,57,55,56,76,75,74,53,89
577,392,72,57,58,391,76,75,77,78,89
577,392,72,57,58,391,76,124,77,78,89
577,392,72,57,58,391,126,124,77,75,89
577,392,72,57,58,56,76,75,77,78,89
577,392,72,57,58,56,76,124,77,78,89
577,392,72,590,73,71,595,621,70,51,53,89
577,392,72,57,55,52,74,56,76,75,89
577,392,72,57,58,391,76,124,77,75,89
577,392,72,57,55,52,54,70,51,53,89
577,392,624,590,73,71,595,621,70,51,53,89
577,392,72,71,73,625,595,621,70,51,53,89
577,392,72,57,55,56,76,75,77,78,89
577,392,72,57,55,56,76,124,77,78,89
577,392,72,590,73,625,595,621,70,51,53,89
577,579,727,752,754,673,674,589,576,574,393,391,76,75,89
577,392,624,590,72,71,595,621,70,51,53,89
577,392,72,57,58,56,76,124,77,75,89
577,392,624,590,73,625,595,621,70,51,53,89
577,392,72,57,55,56,76,124,77,75,89
577,392,624,590,72,57,55,52,51,48,88,101,89
577,392,624,590,72,57,55,52,74,53,88,101,89
577,579,727,753,754,673,674,589,576,574,393,391,76,75,89
577,392,624,590,72,57,55,52,51,53,88,101,89
577,392,624,590,72,57,58,56,74,53,88,101,89
577,392,624,590,72,57,55,56,74,53,88,101,89
577,579,727,753,674,673,610,609,589,576,574,393,391,76,75,89
577,392,624,590,72,57,58,56,55,52,74,75,89
577,392,624,590,72,57,58,56,74,52,51,53,89
577,392,624,590,72,57,58,56,55,52,74,53,89
577,392,624,590,72,57,58,56,55,52,51,53,89
577,579,727,752,754,673,610,609,589,576,574,393,391,76,75,89
577,392,624,590,72,57,55,56,74,52,51,53,89
577,579,727,753,754,673,610,609,589,576,574,393,391,76,75,89
577,392,624,590,72,57,58,391,76,56,74,75,89
577,392,624,590,72,57,55,52,51,53,74,75,89
577,392,624,590,72,57,58,391,76,56,74,53,89
577,392,624,590,72,57,55,52,51,48,88,53,89
577,392,624,590,72,57,55,56,58,391,76,75,89
577,392,624,590,72,57,55,52,74,75,77,78,89
577,392,624,590,72,57,58,56,74,75,77,78,89
577,392,624,590,72,57,58,391,76,75,74,53,89
577,392,624,590,72,57,58,391,126,124,76,75,89
577,392,624,590,72,57,55,56,74,75,77,78,89
577,392,624,590,72,57,58,391,126,124,77,78,89
577,392,624,590,72,57,58,56,76,75,74,53,89
577,392,624,590,72,57,55,56,76,75,74,53,89
577,392,624,590,72,57,58,391,76,75,77,78,89
577,392,624,590,72,57,58,391,76,124,77,78,89
577,579,727,752,754,753,674,673,610,609,589,576,574,393,391,76,75,89
577,392,624,590,72,57,58,391,126,124,77,75,89
577,392,624,590,72,57,58,56,76,75,77,78,89
577,392,624,590,72,57,58,56,76,124,77,78,89
577,392,624,590,72,57,55,52,74,56,76,75,89
577,392,624,590,72,57,58,391,76,124,77,75,89
577,579,727,752,611,668,673,674,589,576,574,393,391,76,75,89
577,392,624,590,72,57,55,52,54,70,51,53,89
577,392,624,590,72,71,73,625,595,621,70,51,53,89
577,392,624,590,72,57,55,56,76,75,77,78,89
577,392,624,590,72,57,55,56,76,124,77,78,89
577,392,624,590,72,57,58,56,76,124,77,75,89
577,392,624,590,72,57,55,56,76,124,77,75,89
577,579,727,752,611,668,673,610,609,589,576,574,393,391,76,75,89
577,579,727,753,754,752,611,668,673,674,589,576,574,393,391,76,75,89
577,392,72,57,58,578,393,391,76,75,89
577,579,727,752,611,668,673,754,753,674,589,576,574,393,391,76,75,89
577,579,727,753,754,752,611,668,673,610,609,589,576,574,393,391,76,75,89
577,392,624,590,72,57,58,578,393,391,76,75,89
577,392,72,57,58,578,575,574,393,391,76,75,89
577,578,575,579,727,576,574,393,391,76,75,89
577,578,575,579,727,753,674,589,576,574,393,391,76,75,89
577,578,58,57,72,71,54,52,74,75,89
577,578,58,57,72,71,54,70,51,53,89
577,392,624,590,72,57,58,578,575,574,393,391,76,75,89
577,578,58,57,72,71,54,52,74,53,89
577,578,58,57,72,71,54,52,51,53,89
577,578,58,56,74,53,51,48,88,101,89
577,578,58,56,74,52,51,48,88,101,89
577,578,58,56,74,52,51,53,88,101,89
577,578,58,56,55,52,51,48,88,101,89
577,578,58,56,55,52,74,53,88,101,89
577,578,58,56,55,52,51,53,88,101,89
577,392,72,57,55,52,54,71,595,621,70,51,53,89
577,578,58,56,74,75,77,78,90,101,89
577,392,72,71,54,70,51,48,88,101,89
577,392,72,71,54,70,51,53,88,101,89
577,392,72,71,54,70,50,48,88,101,89
577,578,58,57,55,52,51,48,88,101,89
577,578,58,57,55,52,74,53,88,101,89
577,578,58,57,55,52,51,53,88,101,89
577,578,575,579,727,752,754,753,674,589,576,574,393,391,76,75,89
577,392,72,71,54,52,51,48,88,101,89
577,578,58,391,126,124,77,78,90,101,89
577,392,72,71,54,52,74,53,88,101,89
577,392,72,71,54,52,51,53,88,101,89
577,578,393,391,126,124,77,78,90,101,89
577,578,58,57,55,56,74,53,88,101,89
577,578,58,391,76,75,77,78,90,101,89
577,578,58,391,76,124,77,78,90,101,89
577,578,58,391,76,56,74,53,88,101,89
577,579,727,752,611,668,669,673,674,589,576,574,393,391,76,75,89
577,578,393,391,76,75,77,78,90,101,89
577,578,393,391,76,124,77,78,90,101,89
577,578,393,391,76,56,74,53,88,101,89
577,578,58,56,76,75,77,78,90,101,89
577,578,58,56,76,124,77,78,90,101,89
577,578,393,573,128,126,124,77,78,90,101,89
577,578,58,391,76,75,74,53,88,101,89
577,578,393,391,76,75,74,53,88,101,89
577,578,58,56,76,75,74,53,88,101,89
577,578,393,391,58,56,74,53,88,101,89
577,578,58,57,72,590,73,71,54,52,74,75,89
577,578,58,57,72,590,73,71,54,70,51,53,89
577,579,575,578,58,57,72,71,54,52,74,75,89
577,579,575,578,58,57,72,71,54,70,51,53,89
577,578,58,391,76,56,55,52,74,75,89
577,578,58,57,55,56,74,52,51,53,89
577,578,393,391,76,56,55,52,74,75,89
577,578,58,391,76,56,74,52,51,53,89
577,578,58,57,72,590,73,71,54,52,74,53,89
577,578,58,57,72,590,73,71,54,52,51,53,89
577,579,575,578,58,57,72,71,54,52,74,53,89
577,579,575,578,58,57,72,71,54,52,51,53,89
577,578,58,56,55,52,51,53,74,75,89
577,578,58,391,76,56,55,52,74,53,89
577,578,58,391,76,56,55,52,51,53,89
577,578,393,391,76,56,74,52,51,53,89
577,578,575,579,727,752,754,673,674,589,576,574,393,391,76,75,89
577,578,58,56,74,52,51,48,88,53,89
577,392,72,71,54,70,50,48,51,53,89
577,578,393,391,76,56,55,52,74,53,89
577,578,393,391,76,56,55,52,51,53,89
577,392,72,71,54,70,51,53,74,75,89
577,392,72,71,54,70,51,52,74,75,89
577,578,58,56,55,52,51,48,88,53,89
577,578,58,57,55,52,51,53,74,75,89
577,392,72,71,54,52,51,53,74,75,89
577,392,72,71,54,70,51,48,88,53,89
577,578,58,56,76,391,126,124,77,78,89
577,392,72,71,54,70,51,52,74,53,89
577,578,58,391,76,75,74,52,51,53,89
577,578,58,56,55,52,74,75,77,78,89
577,392,72,71,54,70,50,48,88,53,89
577,578,575,579,727,753,754,673,674,589,576,574,393,391,76,75,89
577,578,58,391,126,124,125,79,77,78,89
577,578,58,57,55,52,51,48,88,53,89
577,578,393,391,76,75,74,52,51,53,89
577,578,393,391,126,124,125,79,77,78,89
577,579,727,752,611,668,669,673,610,609,589,576,574,393,391,76,75,89
577,392,72,71,54,52,51,48,88,53,89
577,578,393,391,58,56,55,52,74,75,89
577,578,58,56,76,75,74,52,51,53,89
577,578,58,391,126,124,76,56,74,75,89
577,578,58,56,76,391,126,124,77,75,89
577,578,58,391,76,124,125,79,77,78,89
577,578,393,391,58,56,74,52,51,53,89
577,578,58,57,55,52,74,75,77,78,89
577,578,58,391,126,124,125,79,77,75,89
577,392,72,71,54,52,74,75,77,78,89
577,578,393,391,126,124,76,56,74,75,89
577,578,58,391,126,127,125,79,77,78,89
577,578,393,391,58,56,55,52,74,53,89
577,578,393,391,76,124,125,79,77,78,89
577,578,393,391,58,56,55,52,51,53,89
577,578,393,391,126,124,125,79,77,75,89
577,578,58,391,126,124,76,56,74,53,89
577,578,393,391,126,127,125,79,77,78,89
577,578,58,56,76,124,125,79,77,78,89
577,578,393,391,58,57,55,52,74,75,89
577,578,393,573,128,126,124,125,79,77,78,89
577,578,393,391,126,124,76,56,74,53,89
577,578,58,57,55,56,74,75,77,78,89
577,578,58,391,76,124,125,79,77,75,89
577,392,72,71,54,52,55,56,74,75,89
577,578,393,573,128,126,391,76,56,74,75,89
577,578,58,391,76,56,74,75,77,78,89
577,578,58,391,126,127,125,79,77,75,89
577,578,393,391,58,57,55,52,74,53,89
577,578,393,391,76,124,125,79,77,75,89
577,578,575,579,727,753,674,673,610,609,589,576,574,393,391,76,75,89
577,578,393,391,58,57,55,52,51,53,89
577,578,393,573,128,126,124,76,56,74,75,89
577,578,393,391,76,56,74,75,77,78,89
577,578,393,391,58,57,55,56,74,75,89
577,578,393,391,126,127,125,79,77,75,89
577,578,58,56,76,124,125,79,77,75,89
577,578,393,573,128,126,124,125,79,77,75,89
577,392,72,71,54,52,55,56,74,53,89
577,578,58,56,74,52,54,70,51,53,89
577,578,393,573,128,126,391,76,56,74,53,89
577,578,393,573,128,129,127,125,79,77,78,89
577,578,393,573,128,126,127,125,79,77,78,89
577,578,58,57,55,56,76,75,74,53,89
577,578,58,391,126,124,125,79,80,78,89
577,578,58,391,126,124,76,75,74,53,89
577,578,58,56,55,52,54,70,51,53,89
577,578,393,573,128,126,124,76,56,74,53,89
577,578,58,391,126,127,125,124,76,75,89
577,578,393,391,58,57,55,56,74,53,89
577,579,727,753,754,752,611,668,669,673,674,589,576,574,393,391,76,75,89
577,578,393,391,126,124,125,79,80,78,89
577,578,393,391,126,124,76,75,74,53,89
577,579,575,578,58,56,74,53,51,48,88,101,89
577,578,393,391,126,127,125,124,76,75,89
577,579,575,578,58,56,74,52,51,48,88,101,89
577,578,58,391,126,127,125,124,77,78,89
577,579,575,578,58,56,74,52,51,53,88,101,89
577,578,393,573,128,129,127,126,391,76,75,89
577,578,58,391,76,124,125,79,80,78,89
577,578,393,573,128,129,127,125,79,77,75,89
577,578,393,573,128,126,127,125,79,77,75,89
577,578,58,57,55,52,74,56,76,75,89
577,579,575,578,58,56,55,52,51,48,88,101,89
577,578,58,56,74,53,88,101,90,78,89
577,579,575,578,58,56,55,52,74,53,88,101,89
577,578,393,573,572,129,128,126,391,76,75,89
577,578,393,391,126,127,125,124,77,78,89
577,579,575,578,58,56,55,52,51,53,88,101,89
577,578,58,57,55,52,54,70,51,53,89
577,392,72,71,54,52,74,56,76,75,89
577,578,58,391,126,127,125,79,80,78,89
577,578,393,573,128,129,127,126,124,76,75,89
577,578,393,573,572,129,127,125,79,77,78,89
577,578,393,391,76,124,125,79,80,78,89
577,578,393,573,128,126,391,76,75,74,53,89
577,578,58,56,74,75,77,79,80,78,89
577,578,393,573,128,126,391,58,56,74,75,89
577,579,575,578,58,56,74,75,77,78,90,101,89
577,578,393,573,572,129,128,126,124,76,75,89
577,578,58,57,55,56,76,75,77,78,89
577,578,58,57,55,56,76,124,77,78,89
577,392,72,590,73,71,54,70,51,48,88,101,89
577,392,72,71,54,52,55,56,76,75,89
577,578,58,391,126,124,76,75,77,78,89
577,578,393,391,126,127,125,79,80,78,89
577,392,72,590,73,71,54,70,51,53,88,101,89
577,578,58,391,126,124,77,75,74,53,89
577,392,72,590,73,71,54,70,50,48,88,101,89
577,578,58,56,76,124,125,79,80,78,89
577,578,393,573,128,126,124,125,79,80,78,89
577,578,393,573,128,129,127,126,124,77,78,89
577,392,72,57,55,52,54,71,73,625,595,621,70,51,53,89
577,578,393,573,128,126,124,76,75,74,53,89
577,578,58,391,126,127,125,124,77,75,89
577,578,393,391,58,56,74,75,77,78,89
577,578,575,579,727,752,754,673,610,609,589,576,574,393,391,76,75,89
577,578,393,573,128,129,127,125,124,76,75,89
577,578,393,573,128,126,127,125,124,76,75,89
577,392,624,590,73,71,54,70,51,48,88,101,89
577,578,393,391,126,124,76,75,77,78,89
577,578,393,573,572,129,128,126,124,77,78,89
577,578,393,391,126,124,77,75,74,53,89
577,392,624,590,72,57,55,52,54,71,595,621,70,51,53,89
577,579,575,578,58,57,55,52,51,48,88,101,89
577,392,624,590,73,71,54,70,51,53,88,101,89
577,578,393,573,128,126,391,58,56,74,53,89
577,392,624,590,73,71,54,70,50,48,88,101,89
577,579,575,578,58,57,55,52,74,53,88,101,89
577,578,393,391,58,57,55,56,76,75,89
577,392,72,590,73,71,54,52,51,48,88,101,89
577,578,393,391,126,127,125,124,77,75,89
577,579,575,578,58,57,55,52,51,53,88,101,89
577,392,624,590,72,71,54,70,51,48,88,101,89
577,392,72,590,73,71,54,52,74,53,88,101,89
577,578,58,391,126,124,77,79,80,78,89
577,579,575,578,58,391,126,124,77,78,90,101,89
577,392,72,590,73,71,54,52,51,53,88,101,89
577,578,393,573,572,129,127,126,391,76,75,89
577,392,624,590,72,71,54,70,51,53,88,101,89
577,578,393,573,572,129,127,125,79,77,75,89
577,392,624,590,72,71,54,70,50,48,88,101,89
577,578,393,573,128,129,127,125,124,77,78,89
577,578,393,573,128,126,127,125,124,77,78,89
577,578,58,57,55,56,76,124,77,75,89
577,578,58,391,76,124,77,75,74,53,89
577,392,624,672,611,752,727,576,574,393,391,76,75,89
577,392,624,590,73,71,54,52,51,48,88,101,89
577,578,393,391,126,124,77,79,80,78,89
577,579,575,578,393,391,126,124,77,78,90,101,89
577,578,393,573,572,129,127,126,124,76,75,89
577,392,624,590,73,71,54,52,74,53,88,101,89
577,392,624,590,73,71,54,52,51,53,88,101,89
577,578,393,573,128,129,127,126,124,77,75,89
577,578,393,573,128,129,127,125,79,80,78,89
577,578,393,391,58,56,76,75,74,53,89
577,578,393,573,128,126,391,76,75,77,78,89
577,578,393,573,128,126,127,125,79,80,78,89
577,392,624,590,72,71,54,52,51,48,88,101,89
577,578,393,573,128,126,391,76,124,77,78,89
577,578,393,391,76,124,77,75,74,53,89
577,579,575,574,393,391,126,124,77,78,90,101,89
577,392,624,590,72,71,54,52,74,53,88,101,89
577,578,393,573,572,129,128,126,124,77,75,89
577,392,624,590,72,71,54,52,51,53,88,101,89
577,579,575,578,58,57,55,56,74,53,88,101,89
577,578,575,579,727,753,754,673,610,609,589,576,574,393,391,76,75,89
577,578,393,573,572,129,127,126,124,77,78,89
577,578,58,391,76,75,77,79,80,78,89
577,579,575,578,58,391,76,75,77,78,90,101,89
577,578,58,391,76,124,77,79,80,78,89
577,579,575,578,58,391,76,124,77,78,90,101,89
577,578,393,573,128,126,124,76,75,77,78,89
577,578,58,56,76,124,77,75,74,53,89
577,578,393,573,128,126,124,77,75,74,53,89
577,578,393,573,572,129,127,125,124,76,75,89
577,579,575,578,58,391,76,56,74,53,88,101,89
577,578,393,573,128,129,127,125,124,77,75,89
577,578,393,573,128,126,127,125,124,77,75,89
577,578,393,391,76,75,77,79,80,78,89
577,579,575,578,393,391,76,75,77,78,90,101,89
577,578,393,391,76,124,77,79,80,78,89
577,579,575,578,393,391,76,124,77,78,90,101,89
577,579,575,578,393,391,76,56,74,53,88,101,89
577,578,393,573,572,129,127,125,124,77,78,89
577,579,575,574,393,391,76,75,77,78,90,101,89
577,578,58,56,76,75,77,79,80,78,89
577,578,393,573,128,126,391,58,56,76,75,89
577,579,575,574,393,391,76,124,77,78,90,101,89
577,579,575,578,58,56,76,75,77,78,90,101,89
577,578,58,56,76,124,77,79,80,78,89
577,579,575,578,58,56,76,124,77,78,90,101,89
577,578,393,573,128,126,124,77,79,80,78,89
577,579,575,578,393,573,128,126,124,77,78,90,101,89
577,578,393,573,128,126,391,76,124,77,75,89
577,579,575,574,393,391,76,56,74,53,88,101,89
577,579,575,574,131,573,128,126,124,77,78,90,101,89
577,578,393,573,572,129,127,126,124,77,75,89
577,579,575,574,393,578,58,56,74,53,88,101,89
577,579,575,574,393,573,128,126,124,77,78,90,101,89
577,578,393,573,572,129,127,125,79,80,78,89
577,578,393,391,58,56,76,75,77,78,89
577,578,575,574,393,391,126,124,77,78,90,101,89
577,578,393,391,58,56,76,124,77,78,89
577,578,393,573,572,129,127,125,124,77,75,89
577,579,575,578,58,391,76,75,74,53,88,101,89
577,579,727,752,611,668,669,673,754,753,674,589,576,574,393,391,76,75,89
577,578,575,574,393,391,76,75,77,78,90,101,89
577,578,575,574,393,391,76,124,77,78,90,101,89
577,579,575,578,393,391,76,75,74,53,88,101,89
577,578,393,391,58,56,76,124,77,75,89
577,578,575,574,393,391,76,56,74,53,88,101,89
577,578,575,574,131,573,128,126,124,77,78,90,101,89
577,579,575,574,393,391,76,75,74,53,88,101,89
577,579,575,578,58,56,76,75,74,53,88,101,89
577,578,575,574,393,573,128,126,124,77,78,90,101,89
577,578,58,56,74,75,76,124,77,78,89
577,579,575,578,393,391,58,56,74,53,88,101,89
577,578,393,574,131,573,128,126,124,77,78,90,101,89
577,579,575,574,393,391,58,56,74,53,88,101,89
577,579,727,753,754,752,611,668,669,673,610,609,589,576,574,393,391,76,75,89
577,579,575,578,58,57,72,590,73,71,54,52,74,75,89
577,579,575,578,58,57,72,590,73,71,54,70,51,53,89
577,578,575,579,727,752,754,753,674,673,610,609,589,576,574,393,391,76,75,89
577,578,575,574,393,391,76,75,74,53,88,101,89
577,579,575,578,58,391,76,56,55,52,74,75,89
577,579,575,578,58,57,55,56,74,52,51,53,89
577,579,575,578,393,391,76,56,55,52,74,75,89
577,579,575,578,58,391,76,56,74,52,51,53,89
577,579,575,578,58,57,72,590,73,71,54,52,74,53,89
577,579,575,578,58,57,72,590,73,71,54,52,51,53,89
577,579,575,578,58,56,55,52,51,53,74,75,89
577,578,575,574,393,391,58,56,74,53,88,101,89
577,579,575,578,58,391,76,56,55,52,74,53,89
577,579,575,574,393,391,76,56,55,52,74,75,89
577,579,575,578,58,391,76,56,55,52,51,53,89
577,579,575,578,393,391,76,56,74,52,51,53,89
577,579,575,574,393,578,58,56,55,52,74,75,89
577,392,72,590,73,71,54,70,50,48,51,53,89
577,579,575,578,58,56,74,52,51,48,88,53,89
577,578,575,579,727,752,611,668,673,674,589,576,574,393,391,76,75,89
577,579,575,578,393,391,76,56,55,52,74,53,89
577,392,72,590,73,71,54,70,51,53,74,75,89
577,579,575,574,393,391,76,56,74,52,51,53,89
577,579,575,578,393,391,76,56,55,52,51,53,89
577,392,72,590,73,71,54,70,51,52,74,75,89
577,579,575,574,393,578,58,56,74,52,51,53,89
577,579,575,578,58,56,55,52,51,48,88,53,89
577,392,624,590,73,71,54,70,50,48,51,53,89
577,579,575,574,393,391,76,56,55,52,74,53,89
577,579,575,574,393,391,76,56,55,52,51,53,89
577,392,624,590,73,71,54,70,51,53,74,75,89
577,579,575,574,393,578,58,56,55,52,74,53,89
577,392,624,590,73,71,54,70,51,52,74,75,89
577,579,575,574,393,578,58,56,55,52,51,53,89
577,392,624,590,72,71,54,70,50,48,51,53,89
577,579,575,578,58,57,55,52,51,53,74,75,89
577,392,72,590,73,71,54,52,51,53,74,75,89
577,392,72,590,73,71,54,70,51,48,88,53,89
577,392,624,590,72,71,54,70,51,53,74,75,89
577,392,72,590,73,71,54,70,51,52,74,53,89
577,579,575,578,58,56,76,391,126,124,77,78,89
577,392,624,590,72,71,54,70,51,52,74,75,89
577,579,575,574,393,578,58,57,55,52,74,75,89
577,392,72,590,73,71,54,70,50,48,88,53,89
577,579,575,578,58,391,76,75,74,52,51,53,89
577,579,575,578,58,56,55,52,74,75,77,78,89
577,579,575,578,58,391,126,124,125,79,77,78,89
577,578,575,574,393,391,76,56,55,52,74,75,89
577,392,624,590,73,71,54,52,51,53,74,75,89
577,392,624,590,73,71,54,70,51,48,88,53,89
577,392,624,590,73,71,54,70,51,52,74,53,89
577,579,575,578,58,57,55,52,51,48,88,53,89
577,579,575,578,393,391,76,75,74,52,51,53,89
577,392,624,590,73,71,54,70,50,48,88,53,89
577,579,575,578,393,391,126,124,125,79,77,78,89
577,392,72,590,73,71,54,52,51,48,88,53,89
577,392,624,590,72,71,54,52,51,53,74,75,89
577,392,624,590,72,71,54,70,51,48,88,53,89
577,578,575,574,393,391,76,56,74,52,51,53,89
577,392,624,590,72,71,54,70,51,52,74,53,89
577,579,575,574,393,578,58,57,55,52,74,53,89
577,579,575,574,393,578,58,57,55,52,51,53,89
577,579,575,578,393,391,58,56,55,52,74,75,89
577,392,624,590,72,71,54,70,50,48,88,53,89
577,579,575,574,393,391,76,75,74,52,51,53,89
577,579,575,578,58,56,76,75,74,52,51,53,89
577,579,575,574,393,391,126,124,125,79,77,78,89
577,578,575,574,393,391,76,56,55,52,74,53,89
577,579,575,578,58,391,126,124,76,56,74,75,89
577,578,575,574,393,391,76,56,55,52,51,53,89
577,579,575,574,393,578,58,57,55,56,74,75,89
577,392,624,590,73,71,54,52,51,48,88,53,89
577,579,575,574,131,573,393,391,76,56,74,75,89
577,579,575,578,58,56,76,391,126,124,77,75,89
577,579,575,574,393,391,58,56,55,52,74,75,89
577,579,575,578,58,391,76,124,125,79,77,78,89
577,579,575,578,393,391,58,56,74,52,51,53,89
577,579,575,578,58,57,55,52,74,75,77,78,89
577,579,575,574,131,573,393,578,58,56,74,75,89
577,579,575,578,58,391,126,124,125,79,77,75,89
577,392,72,590,73,71,54,52,74,75,77,78,89
577,579,575,574,393,578,58,391,76,56,74,75,89
577,392,624,590,72,71,54,52,51,48,88,53,89
577,579,575,578,393,391,126,124,76,56,74,75,89
577,579,575,578,58,391,126,127,125,79,77,78,89
577,579,575,578,393,391,58,56,55,52,74,53,89
577,579,575,574,393,391,58,56,74,52,51,53,89
577,579,575,578,393,391,76,124,125,79,77,78,89
577,579,575,578,393,391,58,56,55,52,51,53,89
577,579,575,578,393,391,126,124,125,79,77,75,89
577,579,575,578,58,391,126,124,76,56,74,53,89
577,579,575,574,393,391,126,124,76,56,74,75,89
577,579,575,574,393,578,58,57,55,56,74,53,89
577,579,575,574,131,573,393,391,76,56,74,53,89
577,392,624,590,73,71,54,52,74,75,77,78,89
577,579,575,578,393,391,126,127,125,79,77,78,89
577,579,575,574,393,391,58,56,55,52,74,53,89
577,579,575,574,393,391,76,124,125,79,77,78,89
577,579,575,578,58,56,76,124,125,79,77,78,89
577,579,575,578,393,391,58,57,55,52,74,75,89
577,579,575,578,393,573,128,126,124,125,79,77,78,89
577,579,575,574,393,391,58,56,55,52,51,53,89
577,579,575,574,131,573,393,578,58,56,74,53,89
577,579,575,574,393,391,126,124,125,79,77,75,89
577,579,575,574,393,578,58,391,76,56,74,53,89
577,579,575,574,131,573,128,126,124,125,79,77,78,89
577,392,624,590,72,71,54,52,74,75,77,78,89
577,579,575,578,393,391,126,124,76,56,74,53,89
577,579,575,574,393,391,126,127,125,79,77,78,89
577,579,575,578,58,57,55,56,74,75,77,78,89
577,579,575,574,393,391,58,57,55,52,74,75,89
577,392,72,590,73,71,54,52,55,56,74,75,89
577,579,575,574,393,573,128,126,124,125,79,77,78,89
577,579,575,578,58,391,76,124,125,79,77,75,89
577,578,575,574,393,391,76,75,74,52,51,53,89
577,578,575,574,393,391,126,124,125,79,77,78,89
577,579,575,578,393,573,128,126,391,76,56,74,75,89
577,579,575,574,393,391,126,124,76,56,74,53,89
577,579,575,578,58,391,76,56,74,75,77,78,89
577,392,624,672,611,752,754,753,674,589,576,574,393,391,76,75,89
577,579,575,578,58,391,126,127,125,79,77,75,89
577,578,575,574,131,573,393,391,76,56,74,75,89
577,579,575,574,131,573,128,126,391,76,56,74,75,89
577,579,575,578,393,391,58,57,55,52,74,53,89
577,578,575,574,393,391,58,56,55,52,74,75,89
577,579,575,578,393,391,76,124,125,79,77,75,89
577,392,624,672,611,752,754,753,727,576,574,393,391,76,75,89
577,579,575,578,393,391,58,57,55,52,51,53,89
577,392,624,590,73,71,54,52,55,56,74,75,89
577,579,575,574,393,573,128,126,391,76,56,74,75,89
577,579,575,578,393,573,128,126,124,76,56,74,75,89
577,579,575,578,393,391,76,56,74,75,77,78,89
577,579,575,578,393,391,58,57,55,56,74,75,89
577,579,575,578,393,391,126,127,125,79,77,75,89
577,579,575,574,393,391,58,57,55,52,74,53,89
577,392,72,590,73,71,54,52,55,56,74,53,89
577,579,575,574,131,573,128,126,124,76,56,74,75,89
577,579,575,574,393,391,76,124,125,79,77,75,89
577,579,575,578,58,56,76,124,125,79,77,75,89
577,579,575,578,393,573,128,126,124,125,79,77,75,89
577,579,575,574,393,391,58,57,55,52,51,53,89
577,392,624,590,72,71,54,52,55,56,74,75,89
577,578,575,574,393,391,58,56,74,52,51,53,89
577,579,575,578,58,56,74,52,54,70,51,53,89
577,579,575,574,131,573,393,578,58,391,76,75,89
577,579,575,574,393,573,128,126,124,76,56,74,75,89
577,579,575,578,393,573,128,126,391,76,56,74,53,89
577,579,575,574,131,573,128,126,124,125,79,77,75,89
577,579,575,578,393,573,128,129,127,125,79,77,78,89
577,579,575,578,393,573,128,126,127,125,79,77,78,89
577,579,575,574,393,391,76,56,74,75,77,78,89
577,578,575,574,393,391,126,124,76,56,74,75,89
577,579,575,574,393,391,58,57,55,56,74,75,89
577,579,575,578,58,57,55,56,76,75,74,53,89
577,579,575,574,393,391,126,127,125,79,77,75,89
577,579,575,578,58,391,126,124,125,79,80,78,89
577,578,575,574,131,573,393,391,76,56,74,53,89
577,579,575,574,131,573,128,126,391,76,56,74,53,89
577,579,575,574,393,573,128,126,124,125,79,77,75,89
577,578,575,574,393,391,58,56,55,52,74,53,89
577,578,575,574,393,391,76,124,125,79,77,78,89
577,579,575,574,131,573,128,129,127,125,79,77,78,89
577,579,575,574,131,573,128,126,127,125,79,77,78,89
577,579,575,578,58,391,126,124,76,75,74,53,89
577,578,575,574,393,391,58,56,55,52,51,53,89
577,579,575,574,393,578,58,56,74,75,77,78,89
577,392,624,590,73,71,54,52,55,56,74,53,89
577,579,575,578,58,56,55,52,54,70,51,53,89
577,579,575,574,131,573,393,391,76,75,74,53,89
577,579,575,574,131,573,393,391,58,56,74,75,89
577,579,575,574,393,573,128,126,391,76,56,74,53,89
577,578,575,574,393,391,126,124,125,79,77,75,89
577,579,575,574,131,326,572,573,393,391,76,75,89
577,579,575,578,393,573,128,126,124,76,56,74,53,89
577,579,575,574,131,573,393,391,126,124,76,75,89
577,579,575,574,393,573,128,129,127,125,79,77,78,89
577,579,575,574,393,573,128,126,127,125,79,77,78,89
577,579,575,578,58,391,126,127,125,124,76,75,89
577,578,575,574,131,573,128,126,124,125,79,77,78,89
577,579,575,578,393,391,58,57,55,56,74,53,89
577,579,575,574,393,578,58,57,55,56,76,75,89
577,579,575,574,131,573,128,126,124,76,56,74,53,89
577,578,575,574,393,391,126,127,125,79,77,78,89
577,579,575,578,393,391,126,124,125,79,80,78,89
577,579,575,574,393,578,58,391,76,75,74,53,89
577,392,624,590,72,71,54,52,55,56,74,53,89
577,578,575,574,393,391,58,57,55,52,74,75,89
577,578,575,574,393,573,128,126,124,125,79,77,78,89
577,579,575,574,393,578,58,391,126,124,76,75,89
577,579,575,578,393,391,126,124,76,75,74,53,89
577,392,624,672,611,752,727,753,674,589,576,574,393,391,76,75,89
577,579,575,574,393,573,128,126,124,76,56,74,53,89
577,579,575,574,131,573,393,578,58,56,76,75,89
577,579,575,578,393,391,126,127,125,124,76,75,89
577,578,575,574,393,391,126,124,76,56,74,53,89
577,579,575,574,393,391,58,57,55,56,74,53,89
577,579,575,574,393,391,126,124,125,79,80,78,89
577,579,575,574,131,573,393,391,126,124,77,78,89
577,579,575,578,58,391,126,127,125,124,77,78,89
577,578,575,574,131,573,128,126,391,76,56,74,75,89
577,579,575,574,393,391,126,124,76,75,74,53,89
577,579,727,752,611,672,624,392,72,57,55,52,74,75,89
577,579,575,574,131,573,393,391,58,56,74,53,89
577,579,575,578,393,573,128,129,127,126,391,76,75,89
577,578,575,574,393,573,128,126,391,76,56,74,75,89
577,579,575,578,58,391,76,124,125,79,80,78,89
577,579,575,574,393,578,58,391,126,124,77,78,89
577,579,575,578,393,573,128,129,127,125,79,77,75,89
577,579,575,574,393,391,126,127,125,124,76,75,89
577,579,575,578,393,573,128,126,127,125,79,77,75,89
577,579,575,578,58,57,55,52,74,56,76,75,89
577,579,727,752,611,672,624,392,72,57,58,56,74,75,89
577,578,393,574,131,573,128,126,124,125,79,77,78,89
577,579,575,574,131,573,128,129,127,126,391,76,75,89
577,579,575,578,58,56,74,53,88,101,90,78,89
577,578,575,574,393,391,58,57,55,52,74,53,89
577,578,575,574,131,573,128,126,124,76,56,74,75,89
577,579,575,574,393,578,58,56,76,75,74,53,89
577,579,575,578,393,573,572,129,128,126,391,76,75,89
577,392,72,590,73,71,54,52,74,56,76,75,89
577,578,575,574,393,391,76,124,125,79,77,75,89
577,579,575,574,131,573,128,129,127,125,79,77,75,89
577,579,575,578,393,391,126,127,125,124,77,78,89
577,579,575,574,131,573,128,126,127,125,79,77,75,89
577,578,575,574,393,391,58,57,55,52,51,53,89
577,579,575,578,58,57,55,52,54,70,51,53,89
577,579,575,574,393,573,128,129,127,126,391,76,75,89
577,579,575,578,58,391,126,127,125,79,80,78,89
577,579,575,578,393,573,128,129,127,126,124,76,75,89
577,578,575,574,393,573,128,126,124,76,56,74,75,89
577,579,575,574,393,573,128,129,127,125,79,77,75,89
577,579,575,574,131,573,572,129,128,126,391,76,75,89
577,579,575,574,393,573,128,126,127,125,79,77,75,89
577,579,575,578,393,573,572,129,127,125,79,77,78,89
577,579,575,578,393,391,76,124,125,79,80,78,89
577,578,575,574,131,573,128,126,124,125,79,77,75,89
577,578,575,574,393,391,76,56,74,75,77,78,89
577,579,575,574,131,326,572,129,128,126,391,76,75,89
577,578,575,574,393,391,58,57,55,56,74,75,89
577,578,575,574,393,391,126,127,125,79,77,75,89
577,579,575,578,393,573,128,126,391,76,75,74,53,89
577,579,575,578,58,56,74,75,77,79,80,78,89
577,579,575,574,131,573,128,129,127,126,124,76,75,89
577,579,575,578,393,573,128,126,391,58,56,74,75,89
577,579,575,574,393,573,572,129,128,126,391,76,75,89
577,578,575,574,131,573,128,126,391,76,56,74,53,89
577,579,575,574,393,391,126,127,125,124,77,78,89
577,579,575,578,393,573,572,129,128,126,124,76,75,89
577,579,575,578,58,57,55,56,76,75,77,78,89
577,578,575,574,393,573,128,126,124,125,79,77,75,89
577,579,727,752,611,672,624,392,72,57,55,52,74,53,89
577,392,72,590,73,71,54,52,55,56,76,75,89
577,579,575,574,131,573,572,129,127,125,79,77,78,89
577,579,575,578,58,57,55,56,76,124,77,78,89
577,578,575,574,131,573,128,129,127,125,79,77,78,89
577,578,575,574,131,573,128,126,127,125,79,77,78,89
577,579,727,752,611,672,624,392,72,57,55,52,51,53,89
577,578,393,574,131,573,128,126,391,76,56,74,75,89
577,578,575,574,131,573,393,391,76,75,74,53,89
577,392,624,590,73,71,54,52,74,56,76,75,89
577,579,575,574,393,573,128,129,127,126,124,76,75,89
577,578,575,574,131,573,393,391,58,56,74,75,89
577,579,575,578,58,391,126,124,76,75,77,78,89
577,579,575,574,131,326,572,129,127,125,79,77,78,89
577,579,575,574,131,573,128,126,391,76,75,74,53,89
577,578,575,574,393,573,128,126,391,76,56,74,53,89
577,579,575,574,131,573,128,126,391,58,56,74,75,89
577,578,575,574,131,326,572,573,393,391,76,75,89
577,579,575,578,393,391,126,127,125,79,80,78,89
577,579,575,574,131,326,572,573,128,126,391,76,75,89
577,579,575,574,131,573,393,391,76,75,77,78,89
577,578,575,574,131,573,393,391,126,124,76,75,89
577,579,575,574,131,573,572,129,128,126,124,76,75,89
577,579,575,574,393,573,572,129,127,125,79,77,78,89
577,579,575,574,393,391,76,124,125,79,80,78,89
577,579,575,578,58,391,126,124,77,75,74,53,89
577,579,575,574,131,573,393,391,76,124,77,78,89
577,578,575,574,393,573,128,129,127,125,79,77,78,89
577,579,575,578,58,56,76,124,125,79,80,78,89
577,578,575,574,393,573,128,126,127,125,79,77,78,89
577,579,575,578,393,573,128,126,124,125,79,80,78,89
577,579,727,752,611,672,624,392,72,57,58,56,74,53,89
577,579,575,574,131,326,572,129,128,126,124,76,75,89
577,579,575,574,393,573,128,126,391,76,75,74,53,89
577,579,575,574,393,573,128,126,391,58,56,74,75,89
577,579,575,578,393,573,128,129,127,126,124,77,78,89
577,579,575,574,131,573,393,391,126,124,77,75,89
577,579,575,578,393,573,128,126,124,76,75,74,53,89
577,579,727,752,611,672,624,392,72,57,55,56,74,75,89
577,579,575,574,393,573,572,129,128,126,124,76,75,89
577,578,575,574,131,573,128,126,124,76,56,74,53,89
577,579,575,578,58,391,126,127,125,124,77,75,89
577,579,575,574,131,573,128,126,124,125,79,80,78,89
577,392,624,590,72,71,54,52,74,56,76,75,89
577,579,575,574,393,578,58,391,76,75,77,78,89
577,579,575,578,393,391,58,56,74,75,77,78,89
577,579,575,574,393,578,58,391,76,124,77,78,89
577,578,393,574,131,573,128,126,124,76,56,74,75,89
577,579,575,574,131,573,128,129,127,126,124,77,78,89
577,579,575,578,393,573,128,129,127,125,124,76,75,89
577,579,575,574,393,391,126,127,125,79,80,78,89
577,392,624,590,73,71,54,52,55,56,76,75,89
577,579,575,578,393,573,128,126,127,125,124,76,75,89
577,579,575,574,131,573,128,126,124,76,75,74,53,89
577,578,575,574,393,573,128,126,124,76,56,74,53,89
577,579,575,578,393,391,126,124,76,75,77,78,89
577,579,575,578,393,573,572,129,128,126,124,77,78,89
577,579,575,574,131,326,572,573,128,126,124,76,75,89
577,579,575,574,393,573,128,126,124,125,79,80,78,89
577,579,575,574,393,578,58,391,126,124,77,75,89
577,579,575,578,393,391,126,124,77,75,74,53,89
577,579,575,574,393,573,128,129,127,126,124,77,78,89
577,578,575,574,393,391,58,57,55,56,74,53,89
577,579,575,574,393,573,128,126,124,76,75,74,53,89
577,579,575,574,131,573,128,129,127,125,124,76,75,89
577,579,575,574,131,573,128,126,127,125,124,76,75,89
577,579,575,578,393,573,128,126,391,58,56,74,53,89
577,578,575,574,393,391,126,124,125,79,80,78,89
577,578,393,574,131,573,128,126,124,125,79,77,75,89
577,578,575,574,131,573,393,391,126,124,77,78,89
577,579,575,574,131,573,572,129,128,126,124,77,78,89
577,579,575,578,393,391,58,57,55,56,76,75,89
577,578,575,579,727,752,611,668,673,610,609,589,576,574,393,391,76,75,89
577,579,575,578,393,391,126,127,125,124,77,75,89
577,392,624,590,72,71,54,52,55,56,76,75,89
577,578,575,574,393,391,126,124,76,75,74,53,89
577,579,575,574,393,391,58,56,74,75,77,78,89
577,579,575,574,131,326,572,129,128,126,124,77,78,89
577,578,393,574,131,573,128,126,391,76,56,74,53,89
577,579,575,574,393,573,128,129,127,125,124,76,75,89
577,579,575,574,393,573,128,126,127,125,124,76,75,89
577,578,575,574,131,573,393,391,58,56,74,53,89
577,579,575,578,58,391,126,124,77,79,80,78,89
577,579,575,574,131,573,128,126,391,58,56,74,53,89
577,579,575,574,393,391,126,124,76,75,77,78,89
577,579,575,574,393,573,572,129,128,126,124,77,78,89
577,578,393,574,131,573,128,129,127,125,79,77,78,89
577,578,393,574,131,573,128,126,127,125,79,77,78,89
577,579,575,578,393,573,572,129,127,126,391,76,75,89
577,579,727,752,611,672,624,590,72,57,55,52,74,75,89
577,579,575,574,393,391,126,124,77,75,74,53,89
577,579,575,578,393,573,572,129,127,125,79,77,75,89
577,578,575,574,393,391,126,127,125,124,76,75,89
577,392,624,590,72,57,55,52,54,71,73,625,595,621,70,51,53,89
577,579,575,578,393,573,128,129,127,125,124,77,78,89
577,579,575,574,393,573,128,126,391,58,56,74,53,89
577,579,575,578,393,573,128,126,127,125,124,77,78,89
577,579,575,574,393,391,58,57,55,56,76,75,89
577,579,727,752,611,672,624,392,72,57,55,56,74,53,89
577,579,575,574,131,326,572,573,128,126,124,77,78,89
577,579,575,574,131,573,572,129,127,126,391,76,75,89
577,578,575,574,131,573,128,129,127,126,391,76,75,89
577,579,575,574,393,391,126,127,125,124,77,75,89
577,579,575,574,131,573,572,129,127,125,79,77,75,89
577,579,575,578,58,57,55,56,76,124,77,75,89
577,578,575,574,131,573,128,129,127,125,79,77,75,89
577,578,575,574,131,573,128,126,127,125,79,77,75,89
577,579,727,752,611,672,624,590,72,57,58,56,74,75,89
577,579,575,574,131,326,572,129,127,126,391,76,75,89
577,578,393,574,131,573,128,126,124,76,56,74,53,89
577,579,575,578,58,391,76,124,77,75,74,53,89
577,579,575,574,131,573,128,129,127,125,124,77,78,89
577,579,575,574,131,573,128,126,127,125,124,77,78,89
577,579,575,574,393,578,58,56,76,75,77,78,89
577,579,575,574,393,578,58,56,76,124,77,78,89
577,578,58,57,72,71,595,621,70,51,53,89
577,579,575,574,131,326,572,129,127,125,79,77,75,89
577,579,575,574,393,573,572,129,127,126,391,76,75,89
577,579,575,574,131,573,393,391,58,56,76,75,89
577,579,575,578,393,391,126,124,77,79,80,78,89
577,578,575,574,393,573,128,129,127,126,391,76,75,89
577,579,575,578,393,573,572,129,127,126,124,76,75,89
577,579,575,574,393,573,572,129,127,125,79,77,75,89
577,579,575,574,131,573,393,391,76,124,77,75,89
577,578,575,574,393,573,128,129,127,125,79,77,75,89
577,578,575,574,131,573,572,129,128,126,391,76,75,89
577,578,575,574,393,573,128,126,127,125,79,77,75,89
577,579,575,574,393,573,128,129,127,125,124,77,78,89
577,579,575,574,393,573,128,126,127,125,124,77,78,89
577,579,575,578,393,573,128,129,127,126,124,77,75,89
577,579,727,752,611,672,624,392,72,57,58,391,76,75,89
577,578,575,574,131,326,572,129,128,126,391,76,75,89
577,579,575,574,131,573,572,129,127,126,124,76,75,89
577,578,575,574,131,573,128,129,127,126,124,76,75,89
577,578,575,574,393,573,572,129,128,126,391,76,75,89
577,578,575,574,393,391,126,127,125,124,77,78,89
577,579,575,578,393,573,128,129,127,125,79,80,78,89
577,579,575,578,393,391,58,56,76,75,74,53,89
577,579,575,578,393,573,128,126,391,76,75,77,78,89
577,579,575,578,393,573,128,126,127,125,79,80,78,89
577,578,575,574,131,573,572,129,127,125,79,77,78,89
577,579,575,578,393,573,128,126,391,76,124,77,78,89
577,579,575,574,131,326,572,129,127,126,124,76,75,89
577,579,575,574,393,578,58,391,76,124,77,75,89
577,579,575,574,393,391,126,124,77,79,80,78,89
577,579,575,578,393,391,76,124,77,75,74,53,89
577,579,575,574,131,573,128,129,127,126,124,77,75,89
577,579,575,574,393,573,572,129,127,126,124,76,75,89
577,578,575,574,393,573,128,129,127,126,124,76,75,89
577,579,727,752,611,672,624,590,72,57,55,52,74,53,89
577,578,575,574,131,326,572,129,127,125,79,77,78,89
577,579,575,578,393,573,572,129,128,126,124,77,75,89
577,578,575,574,131,573,128,126,391,76,75,74,53,89
577,578,575,574,131,573,128,126,391,58,56,74,75,89
577,579,727,576,574,575,578,58,56,74,75,89
577,578,575,574,131,326,572,573,128,126,391,76,75,89
577,578,575,574,131,573,393,391,76,75,77,78,89
577,578,575,574,131,573,572,129,128,126,124,76,75,89
577,578,575,574,393,573,572,129,127,125,79,77,78,89
577,579,727,752,611,672,624,590,72,57,55,52,51,53,89
577,578,575,574,393,391,76,124,125,79,80,78,89
577,579,575,574,131,573,128,129,127,125,79,80,78,89
577,579,575,574,131,573,128,126,391,76,75,77,78,89
577,579,575,574,131,573,128,126,127,125,79,80,78,89
577,578,575,574,131,573,393,391,76,124,77,78,89
577,579,575,574,131,573,128,126,391,76,124,77,78,89
577,579,575,574,393,573,128,129,127,126,124,77,75,89
577,579,575,578,393,573,572,129,127,126,124,77,78,89
577,578,575,574,131,326,572,129,128,126,124,76,75,89
577,578,575,574,393,573,128,126,391,76,75,74,53,89
577,578,575,574,393,573,128,126,391,58,56,74,75,89
577,578,575,574,131,573,393,391,126,124,77,75,89
577,579,575,574,131,573,572,129,128,126,124,77,75,89
577,579,575,578,58,391,76,75,77,79,80,78,89
577,578,393,573,131,326,572,129,128,126,391,76,75,89
577,579,575,578,58,391,76,124,77,79,80,78,89
577,578,575,574,393,573,572,129,128,126,124,76,75,89
577,579,575,574,393,573,128,129,127,125,79,80,78,89
577,579,575,574,393,391,58,56,76,75,74,53,89
577,579,575,574,393,573,128,126,391,76,75,77,78,89
577,579,575,574,393,573,128,126,127,125,79,80,78,89
577,579,575,574,393,573,128,126,391,76,124,77,78,89
577,579,727,752,611,672,624,590,72,57,58,56,74,53,89
577,579,575,578,393,573,128,126,124,76,75,77,78,89
577,578,575,574,131,573,128,126,124,125,79,80,78,89
577,579,575,574,131,326,572,129,128,126,124,77,75,89
577,579,575,574,393,391,76,124,77,75,74,53,89
577,578,393,574,131,573,128,129,127,126,391,76,75,89
577,579,727,752,611,672,624,590,72,57,55,56,74,75,89
577,579,575,578,58,56,76,124,77,75,74,53,89
577,579,575,578,393,573,128,126,124,77,75,74,53,89
577,579,575,574,131,573,572,129,127,126,124,77,78,89
577,579,575,574,393,573,572,129,128,126,124,77,75,89
577,579,575,578,393,573,572,129,127,125,124,76,75,89
577,578,575,574,131,573,128,129,127,126,124,77,78,89
577,578,393,574,131,573,128,129,127,125,79,77,75,89
577,578,575,574,393,391,126,127,125,79,80,78,89
577,578,393,574,131,573,128,126,127,125,79,77,75,89
577,578,575,574,131,573,128,126,124,76,75,74,53,89
577,578,575,574,131,326,572,573,128,126,124,76,75,89
577,578,393,573,131,326,572,129,127,125,79,77,78,89
577,578,575,574,393,573,128,126,124,125,79,80,78,89
577,579,575,574,131,573,128,126,124,76,75,77,78,89
577,579,575,574,131,326,572,129,127,126,124,77,78,89
577,579,727,576,130,131,573,393,391,76,75,89
577,579,575,578,393,573,128,129,127,125,124,77,75,89
577,579,575,574,393,573,572,129,127,126,124,77,78,89
577,579,575,578,393,573,128,126,127,125,124,77,75,89
577,579,575,574,131,573,128,126,124,77,75,74,53,89
577,578,575,574,393,573,128,129,127,126,124,77,78,89
577,579,575,574,131,573,572,129,127,125,124,76,75,89
577,578,393,574,131,573,572,129,128,126,391,76,75,89
577,579,575,574,131,326,572,573,128,126,124,77,75,89
577,578,575,574,393,573,128,126,124,76,75,74,53,89
577,579,727,752,611,672,624,392,72,57,58,56,76,75,89
577,578,575,574,131,573,128,129,127,125,124,76,75,89
577,578,575,574,131,573,128,126,127,125,124,76,75,89
577,578,393,573,131,326,572,129,128,126,124,76,75,89
577,578,575,574,131,573,572,129,128,126,124,77,78,89
577,579,575,578,393,391,76,75,77,79,80,78,89
577,579,575,574,393,573,128,126,124,76,75,77,78,89
577,579,575,578,393,391,76,124,77,79,80,78,89
577,579,575,574,131,326,572,129,127,125,124,76,75,89
577,578,393,574,131,326,572,129,128,126,391,76,75,89
577,579,575,574,393,573,128,126,124,77,75,74,53,89
577,579,575,574,131,573,128,129,127,125,124,77,75,89
577,578,393,574,131,573,128,129,127,126,124,76,75,89
577,578,575,574,393,391,58,56,74,75,77,78,89
577,579,575,574,131,573,128,126,127,125,124,77,75,89
577,579,575,574,393,573,572,129,127,125,124,76,75,89
577,578,575,574,131,326,572,129,128,126,124,77,78,89
577,579,575,574,393,578,58,56,76,124,77,75,89
577,578,575,574,393,573,128,129,127,125,124,76,75,89
577,579,727,576,574,393,391,76,56,74,75,89
577,578,575,574,393,573,128,126,127,125,124,76,75,89
577,578,575,574,131,573,128,126,391,58,56,74,53,89
577,578,575,574,393,391,126,124,76,75,77,78,89
577,578,393,574,131,573,572,129,127,125,79,77,78,89
577,578,575,574,393,573,572,129,128,126,124,77,78,89
577,579,727,576,574,575,578,58,56,74,53,89
577,578,575,574,393,391,126,124,77,75,74,53,89
577,579,575,574,393,573,128,129,127,125,124,77,75,89
577,579,575,574,393,573,128,126,127,125,124,77,75,89
577,578,393,574,131,326,572,129,127,125,79,77,78,89
577,578,393,574,131,573,128,126,391,76,75,74,53,89
577,578,393,574,131,573,128,126,391,58,56,74,75,89
577,579,575,578,393,573,572,129,127,125,124,77,78,89
577,579,727,576,574,393,578,58,56,74,75,89
577,578,393,574,131,326,572,573,128,126,391,76,75,89
577,579,727,576,130,131,574,393,391,76,75,89
577,578,575,574,393,573,128,126,391,58,56,74,53,89
577,578,393,574,131,573,572,129,128,126,124,76,75,89
577,578,575,574,393,391,58,57,55,56,76,75,89
577,579,575,574,393,391,76,75,77,79,80,78,89
577,578,575,574,131,326,572,573,128,126,124,77,78,89
577,579,575,574,393,391,76,124,77,79,80,78,89
577,579,575,578,58,56,76,75,77,79,80,78,89
577,578,575,574,131,573,572,129,127,126,391,76,75,89
577,579,575,578,393,573,128,126,391,58,56,76,75,89
577,579,575,578,58,56,76,124,77,79,80,78,89
577,578,575,574,393,391,126,127,125,124,77,75,89
577,579,575,578,393,573,128,126,124,77,79,80,78,89
577,578,393,574,131,326,572,129,128,126,124,76,75,89
577,578,575,574,131,573,572,129,127,125,79,77,75,89
577,579,575,578,393,573,128,126,391,76,124,77,75,89
577,579,727,752,611,672,624,590,72,57,55,56,74,53,89
577,579,575,574,131,573,572,129,127,125,124,77,78,89
577,578,575,574,131,326,572,129,127,126,391,76,75,89
577,578,575,574,131,573,128,129,127,125,124,77,78,89
577,578,575,574,131,573,128,126,127,125,124,77,78,89
577,578,393,573,131,326,572,129,128,126,124,77,78,89
577,578,575,574,131,326,572,129,127,125,79,77,75,89
577,578,575,574,393,573,572,129,127,126,391,76,75,89
577,578,393,574,131,573,128,126,124,125,79,80,78,89
577,578,575,574,131,573,393,391,58,56,76,75,89
577,579,575,574,131,573,128,126,391,58,56,76,75,89
577,579,575,574,131,326,572,129,127,125,124,77,78,89
577,579,575,574,131,573,128,126,124,77,79,80,78,89
577,578,575,574,393,573,572,129,127,125,79,77,75,89
577,578,575,574,131,573,393,391,76,124,77,75,89
577,579,575,574,131,573,128,126,391,76,124,77,75,89
577,578,393,574,131,573,128,129,127,126,124,77,78,89
577,579,575,574,393,573,572,129,127,125,124,77,78,89
577,578,393,574,131,573,128,126,124,76,75,74,53,89
577,578,575,574,393,573,128,129,127,125,124,77,78,89
577,578,575,574,393,573,128,126,127,125,124,77,78,89
577,578,393,574,131,326,572,573,128,126,124,76,75,89
577,579,575,578,393,573,572,129,127,126,124,77,75,89
577,579,575,574,393,573,128,126,391,58,56,76,75,89
577,579,575,574,393,573,128,126,124,77,79,80,78,89
577,578,575,574,131,573,572,129,127,126,124,76,75,89
577,579,727,752,611,672,624,392,72,57,55,56,76,75,89
577,579,575,574,393,573,128,126,391,76,124,77,75,89
577,579,575,578,393,573,572,129,127,125,79,80,78,89
577,578,393,574,131,573,128,129,127,125,124,76,75,89
577,578,393,574,131,573,128,126,127,125,124,76,75,89
577,579,727,752,611,672,624,590,72,57,58,391,76,75,89
577,578,393,574,131,573,572,129,128,126,124,77,78,89
577,579,727,576,574,393,391,76,56,74,53,89
577,578,575,574,131,326,572,129,127,126,124,76,75,89
577,579,575,574,131,573,572,129,127,126,124,77,75,89
577,578,575,574,393,391,126,124,77,79,80,78,89
577,579,575,578,393,391,58,56,76,75,77,78,89
577,578,575,574,131,573,128,129,127,126,124,77,75,89
577,578,393,573,131,326,572,129,127,126,391,76,75,89
577,579,575,578,393,391,58,56,76,124,77,78,89
577,578,575,574,393,573,572,129,127,126,124,76,75,89
577,578,393,573,131,326,572,129,127,125,79,77,75,89
577,578,393,574,131,326,572,129,128,126,124,77,78,89
577,579,575,574,131,573,572,129,127,125,79,80,78,89
577,579,575,574,131,326,572,129,127,126,124,77,75,89
577,578,575,574,131,573,128,129,127,125,79,80,78,89
577,578,393,574,131,573,128,126,391,58,56,74,53,89
577,578,575,574,131,573,128,126,391,76,75,77,78,89
577,578,575,574,131,573,128,126,127,125,79,80,78,89
577,579,727,576,574,393,578,58,56,74,53,89
577,578,575,574,131,573,128,126,391,76,124,77,78,89
577,579,575,574,393,573,572,129,127,126,124,77,75,89
577,578,575,574,393,573,128,129,127,126,124,77,75,89
577,579,575,574,131,326,572,129,127,125,79,80,78,89
577,578,575,574,131,573,572,129,128,126,124,77,75,89
577,579,575,574,393,573,572,129,127,125,79,80,78,89
577,578,575,574,393,573,128,129,127,125,79,80,78,89
577,578,575,574,393,391,58,56,76,75,74,53,89
577,578,575,574,393,573,128,126,391,76,75,77,78,89
577,578,575,574,393,573,128,126,127,125,79,80,78,89
577,578,575,574,393,573,128,126,391,76,124,77,78,89
577,578,393,574,131,326,572,573,128,126,124,77,78,89
577,578,393,574,131,573,572,129,127,126,391,76,75,89
577,579,575,574,393,391,58,56,76,75,77,78,89
577,578,575,574,131,326,572,129,128,126,124,77,75,89
577,578,575,574,393,391,76,124,77,75,74,53,89
577,579,575,574,393,391,58,56,76,124,77,78,89
577,578,393,573,131,326,572,129,127,126,124,76,75,89
577,578,575,574,131,573,572,129,127,126,124,77,78,89
577,578,393,574,131,573,572,129,127,125,79,77,75,89
577,578,575,574,393,573,572,129,128,126,124,77,75,89
577,579,727,576,574,575,578,58,391,76,75,89
577,578,393,574,131,326,572,129,127,126,391,76,75,89
577,578,393,574,131,573,128,129,127,125,124,77,78,89
577,578,393,574,131,573,128,126,127,125,124,77,78,89
577,578,575,574,131,573,128,126,124,76,75,77,78,89
577,578,575,574,131,326,572,129,127,126,124,77,78,89
577,578,393,574,131,326,572,129,127,125,79,77,75,89
577,579,575,578,393,573,572,129,127,125,124,77,75,89
577,579,727,576,130,131,573,128,126,391,76,75,89
577,578,575,574,393,573,572,129,127,126,124,77,78,89
577,578,575,574,131,573,128,126,124,77,75,74,53,89
577,578,575,574,131,573,572,129,127,125,124,76,75,89
577,578,575,574,131,326,572,573,128,126,124,77,75,89
577,578,575,579,727,753,754,752,611,668,673,674,589,576,574,393,391,76,75,89
577,578,575,574,393,573,128,126,124,76,75,77,78,89
577,578,575,574,131,326,572,129,127,125,124,76,75,89
577,392,624,672,611,752,754,673,674,589,576,574,393,391,76,75,89
577,579,575,574,131,573,572,129,127,125,124,77,75,89
577,579,727,752,611,672,624,590,72,57,58,56,76,75,89
577,578,393,574,131,573,572,129,127,126,124,76,75,89
577,578,575,574,393,573,128,126,124,77,75,74,53,89
577,578,575,574,131,573,128,129,127,125,124,77,75,89
577,578,575,574,131,573,128,126,127,125,124,77,75,89
577,578,575,574,393,573,572,129,127,125,124,76,75,89
577,578,393,573,131,326,572,129,128,126,124,77,75,89
577,579,575,574,131,326,572,129,127,125,124,77,75,89
577,578,393,574,131,326,572,129,127,126,124,76,75,89
577,579,727,576,574,575,578,393,391,76,75,89
577,578,393,574,131,573,128,129,127,126,124,77,75,89
577,579,575,574,393,573,572,129,127,125,124,77,75,89
577,578,575,574,393,573,128,129,127,125,124,77,75,89
577,578,575,574,393,573,128,126,127,125,124,77,75,89
577,579,727,576,130,131,573,128,126,124,76,75,89
577,578,393,573,131,326,572,129,127,126,124,77,78,89
577,578,393,574,131,573,128,129,127,125,79,80,78,89
577,578,393,574,131,573,128,126,391,76,75,77,78,89
577,578,393,574,131,573,128,126,127,125,79,80,78,89
577,578,575,574,393,391,76,75,77,79,80,78,89
577,578,393,574,131,573,128,126,391,76,124,77,78,89
577,578,575,574,393,391,76,124,77,79,80,78,89
577,579,727,576,574,131,573,393,391,76,75,89
577,578,393,574,131,573,572,129,128,126,124,77,75,89
577,578,393,573,131,326,572,129,127,125,124,76,75,89
577,578,575,574,131,573,572,129,127,125,124,77,78,89
577,579,575,578,393,391,58,56,76,124,77,75,89
577,578,393,574,131,326,572,129,128,126,124,77,75,89
577,578,575,574,131,573,128,126,391,58,56,76,75,89
577,579,727,576,574,575,578,58,56,76,75,89
577,578,575,574,131,326,572,129,127,125,124,77,78,89
577,578,575,574,131,573,128,126,124,77,79,80,78,89
577,578,393,574,131,573,572,129,127,126,124,77,78,89
577,578,575,574,131,573,128,126,391,76,124,77,75,89
577,578,575,574,393,573,572,129,127,125,124,77,78,89
577,579,727,576,574,393,578,58,391,76,75,89
577,578,393,574,131,573,128,126,124,76,75,77,78,89
577,578,393,574,131,326,572,129,127,126,124,77,78,89
577,578,575,574,393,573,128,126,391,58,56,76,75,89
577,578,575,574,393,573,128,126,124,77,79,80,78,89
577,578,393,574,131,573,128,126,124,77,75,74,53,89
577,578,575,574,393,573,128,126,391,76,124,77,75,89
577,578,393,574,131,573,572,129,127,125,124,76,75,89
577,579,727,576,130,131,573,128,126,124,77,78,89
577,578,393,574,131,326,572,573,128,126,124,77,75,89
577,579,575,574,393,391,58,56,76,124,77,75,89
577,579,727,752,611,672,624,590,72,57,55,56,76,75,89
577,578,575,574,131,573,572,129,127,126,124,77,75,89
577,579,575,578,58,56,74,75,76,124,77,78,89
577,578,393,574,131,326,572,129,127,125,124,76,75,89
577,578,393,574,131,573,128,129,127,125,124,77,75,89
577,578,393,574,131,573,128,126,127,125,124,77,75,89
577,578,575,574,131,573,572,129,127,125,79,80,78,89
577,578,575,574,131,326,572,129,127,126,124,77,75,89
577,578,393,573,131,326,572,129,127,125,124,77,78,89
577,579,727,576,574,393,391,76,75,74,53,89
577,579,727,576,574,393,391,58,56,74,75,89
577,578,575,574,393,573,572,129,127,126,124,77,75,89
577,579,727,576,574,393,391,126,124,76,75,89
577,578,575,574,131,326,572,129,127,125,79,80,78,89
577,578,575,574,393,573,572,129,127,125,79,80,78,89
577,578,575,574,393,391,58,56,76,75,77,78,89
577,578,575,574,393,391,58,56,76,124,77,78,89
577,578,393,574,131,573,572,129,127,125,124,77,78,89
577,578,393,573,131,326,572,129,127,126,124,77,75,89
577,578,393,574,131,573,128,126,391,58,56,76,75,89
577,579,727,576,574,393,578,58,56,76,75,89
577,578,393,574,131,326,572,129,127,125,124,77,78,89
577,578,393,574,131,573,128,126,124,77,79,80,78,89
577,579,575,578,393,574,131,573,128,126,124,77,78,90,101,89
577,578,393,574,131,573,128,126,391,76,124,77,75,89
577,578,393,573,131,326,572,129,127,125,79,80,78,89
577,578,575,574,131,573,572,129,127,125,124,77,75,89
577,579,727,576,574,393,391,126,124,77,78,89
577,578,575,574,131,326,572,129,127,125,124,77,75,89
577,578,393,574,131,573,572,129,127,126,124,77,75,89
577,579,727,576,574,393,391,58,56,74,53,89
577,578,575,574,393,573,572,129,127,125,124,77,75,89
577,578,393,574,131,573,572,129,127,125,79,80,78,89
577,578,393,574,131,326,572,129,127,126,124,77,75,89
577,579,727,576,130,131,573,128,126,124,77,75,89
577,579,727,576,574,131,573,128,126,391,76,75,89
577,578,393,574,131,326,572,129,127,125,79,80,78,89
577,579,727,576,574,393,573,128,126,391,76,75,89
577,578,393,573,131,326,572,129,127,125,124,77,75,89
577,579,727,576,574,131,573,128,126,124,76,75,89
577,578,575,574,393,391,58,56,76,124,77,75,89
577,578,393,574,131,573,572,129,127,125,124,77,75,89
577,579,727,576,574,393,573,128,126,124,76,75,89
577,578,393,574,131,326,572,129,127,125,124,77,75,89
577,579,727,576,574,393,391,76,75,77,78,89
577,579,727,576,574,393,391,76,124,77,78,89
577,579,727,576,574,393,391,126,124,77,75,89
577,579,727,576,574,131,573,128,126,124,77,78,89
577,579,727,576,574,393,573,128,126,124,77,78,89
577,392,72,590,73,625,595,71,54,52,74,75,89
577,392,72,590,73,625,595,71,54,70,51,53,89
577,579,727,576,574,393,391,58,56,76,75,89
577,579,727,576,574,393,391,76,124,77,75,89
577,579,727,576,574,131,573,128,126,124,77,75,89
577,392,624,590,73,625,595,71,54,52,74,75,89
577,392,624,590,73,625,595,71,54,70,51,53,89
577,579,727,576,574,393,573,128,126,124,77,75,89
577,392,72,590,73,625,595,71,54,52,74,53,89
577,392,72,590,73,625,595,71,54,52,51,53,89
577,392,72,71,595,621,70,51,48,88,101,89
577,392,624,590,73,625,595,71,54,52,74,53,89
577,392,624,590,73,625,595,71,54,52,51,53,89
577,392,72,71,595,621,70,51,53,88,101,89
577,392,72,71,595,621,70,50,48,88,101,89
577,392,72,71,595,621,69,50,48,88,101,89
577,579,727,753,754,752,611,672,624,392,72,57,55,52,74,75,89
577,578,575,579,727,752,611,668,673,754,753,674,589,576,574,393,391,76,75,89
577,579,727,753,754,752,611,672,624,392,72,57,58,56,74,75,89
577,579,727,753,754,752,611,672,624,392,72,57,55,52,74,53,89
577,579,727,753,754,752,611,672,624,392,72,57,55,52,51,53,89
577,579,727,753,754,752,611,672,624,392,72,57,58,56,74,53,89
577,579,727,753,754,752,611,672,624,392,72,57,55,56,74,75,89
577,578,575,579,727,753,754,752,611,668,673,610,609,589,576,574,393,391,76,75,89
577,392,624,672,611,752,754,673,610,609,589,576,574,393,391,76,75,89
577,579,727,753,754,752,611,672,624,590,72,57,55,52,74,75,89
577,579,727,753,754,752,611,672,624,392,72,57,55,56,74,53,89
577,392,624,672,611,668,673,674,589,576,574,393,391,76,75,89
577,579,727,753,754,752,611,672,624,590,72,57,58,56,74,75,89
577,579,727,753,754,752,611,672,624,392,72,57,58,391,76,75,89
577,579,727,753,754,752,611,672,624,590,72,57,55,52,74,53,89
577,579,727,753,754,752,611,672,624,590,72,57,55,52,51,53,89
577,579,727,753,754,752,611,672,624,590,72,57,58,56,74,53,89
577,579,727,753,754,752,611,672,624,590,72,57,55,56,74,75,89
577,579,727,753,754,752,611,672,624,392,72,57,58,56,76,75,89
577,392,72,71,54,70,621,69,50,48,88,101,89
577,579,727,753,754,752,611,672,624,590,72,57,55,56,74,53,89
577,579,727,753,674,589,576,574,575,578,58,56,74,75,89
577,579,727,753,754,752,611,672,624,392,72,57,55,56,76,75,89
577,579,575,578,393,574,131,573,128,126,124,125,79,77,78,89
577,579,727,753,754,752,611,672,624,590,72,57,58,391,76,75,89
577,579,727,753,674,589,328,130,131,573,393,391,76,75,89
577,579,727,753,674,589,576,130,131,573,393,391,76,75,89
577,579,727,753,674,589,328,130,131,574,393,391,76,75,89
577,579,575,578,393,574,131,573,128,126,391,76,56,74,75,89
577,579,727,753,674,589,576,574,393,391,76,56,74,75,89
577,579,727,753,674,589,576,574,575,578,58,56,74,53,89
577,579,727,753,674,589,576,574,393,578,58,56,74,75,89
577,579,727,753,674,589,576,130,131,574,393,391,76,75,89
577,579,727,753,754,752,611,672,624,590,72,57,58,56,76,75,89
577,579,575,578,393,574,131,573,128,126,124,76,56,74,75,89
577,579,575,578,393,574,131,573,128,126,124,125,79,77,75,89
577,579,575,578,393,574,131,573,128,126,391,76,56,74,53,89
577,579,727,753,674,589,576,574,393,391,76,56,74,53,89
577,579,575,578,393,574,131,573,128,129,127,125,79,77,78,89
577,579,575,578,393,574,131,573,128,126,127,125,79,77,78,89
577,579,727,753,674,673,610,455,399,609,589,576,574,393,391,76,75,89
577,392,72,57,55,52,74,53,51,48,88,101,89
577,579,727,753,674,589,576,574,393,578,58,56,74,53,89
577,578,58,57,72,590,73,71,595,621,70,51,53,89
577,579,727,753,754,752,611,672,624,590,72,57,55,56,76,75,89
577,579,727,753,674,589,328,130,131,573,128,126,391,76,75,89
577,392,72,57,58,56,74,53,51,48,88,101,89
577,579,575,578,393,574,131,573,128,126,124,76,56,74,53,89
577,579,575,578,58,57,72,71,595,621,70,51,53,89
577,392,72,57,58,56,74,52,51,48,88,101,89
577,579,727,753,674,589,576,574,575,578,58,391,76,75,89
577,579,727,753,674,589,576,130,131,573,128,126,391,76,75,89
577,392,72,57,58,56,74,52,51,53,88,101,89
577,579,727,753,674,589,328,130,131,573,128,126,124,76,75,89
577,392,624,672,611,752,727,753,754,673,674,589,576,574,393,391,76,75,89
577,578,58,57,72,71,73,625,595,621,70,51,53,89
577,392,72,57,58,56,55,52,51,48,88,101,89
577,392,624,672,611,752,754,673,674,753,727,576,574,393,391,76,75,89
577,579,727,753,674,589,576,574,575,578,393,391,76,75,89
577,392,72,57,58,56,55,52,74,53,88,101,89
577,578,58,57,72,590,73,625,595,621,70,51,53,89
577,579,727,753,674,589,576,130,131,573,128,126,124,76,75,89
577,392,72,57,58,56,55,52,51,53,88,101,89
577,392,72,57,55,52,74,75,77,78,90,101,89
577,579,575,578,393,573,131,326,572,129,128,126,391,76,75,89
577,579,727,753,674,589,576,574,131,573,393,391,76,75,89
577,579,575,578,393,574,131,573,128,129,127,126,391,76,75,89
577,392,72,57,55,56,74,53,51,48,88,101,89
577,579,575,578,393,574,131,573,128,129,127,125,79,77,75,89
577,579,575,578,393,574,131,573,128,126,127,125,79,77,75,89
577,392,72,57,55,56,74,52,51,48,88,101,89
577,579,575,578,393,573,131,326,572,129,127,125,79,77,78,89
577,579,727,753,674,589,576,574,575,578,58,56,76,75,89
577,579,727,753,674,589,328,130,131,573,128,126,124,77,78,89
577,392,72,57,58,56,74,75,77,78,90,101,89
577,579,727,753,674,589,576,574,393,578,58,391,76,75,89
577,579,575,578,393,574,131,573,572,129,128,126,391,76,75,89
577,392,72,57,55,56,74,52,51,53,88,101,89
577,579,575,574,393,573,131,326,572,129,128,126,391,76,75,89
577,579,575,578,393,573,131,326,572,129,128,126,124,76,75,89
577,579,575,578,393,574,131,326,572,129,128,126,391,76,75,89
577,579,727,753,674,589,576,130,131,573,128,126,124,77,78,89
577,579,575,578,393,574,131,573,128,129,127,126,124,76,75,89
577,579,575,578,393,574,131,573,572,129,127,125,79,77,78,89
577,579,575,574,393,573,131,326,572,129,127,125,79,77,78,89
577,392,72,71,595,621,70,50,48,51,53,89
577,579,575,578,393,574,131,326,572,129,127,125,79,77,78,89
577,579,575,578,393,574,131,573,128,126,391,76,75,74,53,89
577,579,575,578,393,574,131,573,128,126,391,58,56,74,75,89
577,579,727,753,674,589,576,574,393,391,76,75,74,53,89
577,579,727,753,674,589,576,574,393,391,58,56,74,75,89
577,579,575,578,393,574,131,326,572,573,128,126,391,76,75,89
577,392,72,71,595,621,69,50,48,51,53,89
577,579,575,578,393,574,131,573,572,129,128,126,124,76,75,89
577,579,575,574,393,573,131,326,572,129,128,126,124,76,75,89
577,579,727,753,674,589,576,574,393,391,126,124,76,75,89
577,392,72,71,595,621,70,51,53,74,75,89
577,579,575,578,393,574,131,326,572,129,128,126,124,76,75,89
577,392,72,71,595,621,70,54,52,74,75,89
577,392,72,71,595,621,70,51,52,74,75,89
577,579,727,753,674,589,328,130,576,574,393,391,76,75,89
577,579,575,578,393,573,131,326,572,129,128,126,124,77,78,89
577,579,575,578,393,574,131,573,128,126,124,125,79,80,78,89
577,579,575,578,393,574,131,573,128,129,127,126,124,77,78,89
577,392,624,672,611,752,754,753,674,673,610,609,589,576,574,393,391,76,75,89
577,392,72,57,55,56,74,75,77,78,90,101,89
577,579,575,578,393,574,131,573,128,126,124,76,75,74,53,89
577,579,575,578,393,574,131,326,572,573,128,126,124,76,75,89
577,579,727,753,674,589,576,574,393,578,58,56,76,75,89
577,392,72,57,58,391,126,124,77,78,90,101,89
577,578,58,391,393,573,128,126,124,76,75,89
577,579,575,578,393,574,131,573,128,129,127,125,124,76,75,89
577,579,575,578,393,574,131,573,128,126,127,125,124,76,75,89
577,579,575,578,393,574,131,573,572,129,128,126,124,77,78,89
577,579,575,574,393,573,131,326,572,129,128,126,124,77,78,89
577,579,727,753,674,589,576,574,393,391,126,124,77,78,89
577,579,575,578,393,573,131,326,572,129,127,126,391,76,75,89
577,579,575,578,393,573,131,326,572,129,127,125,79,77,75,89
577,579,575,578,393,574,131,326,572,129,128,126,124,77,78,89
577,579,727,753,674,589,328,130,131,573,128,126,124,77,75,89
577,579,575,578,393,574,131,573,128,126,391,58,56,74,53,89
577,579,727,753,674,589,576,574,393,391,58,56,74,53,89
577,392,72,71,595,621,70,51,48,88,53,89
577,579,727,753,674,589,576,130,131,573,128,126,124,77,75,89
577,392,72,71,595,621,70,54,52,74,53,89
577,392,72,71,595,621,70,51,52,74,53,89
577,579,727,753,674,589,576,574,131,573,128,126,391,76,75,89
577,579,575,578,393,574,131,326,572,573,128,126,124,77,78,89
577,579,575,578,393,574,131,573,572,129,127,126,391,76,75,89
577,579,575,574,393,573,131,326,572,129,127,126,391,76,75,89
577,392,72,71,595,621,70,54,52,51,53,89
577,579,575,578,393,573,131,326,572,129,127,126,124,76,75,89
577,579,575,578,393,574,131,573,572,129,127,125,79,77,75,89
577,579,575,574,393,573,131,326,572,129,127,125,79,77,75,89
577,392,72,71,595,621,70,50,48,88,53,89
577,578,58,391,393,573,128,126,124,77,78,89
577,579,575,578,393,574,131,326,572,129,127,126,391,76,75,89
577,579,575,578,393,574,131,573,128,129,127,125,124,77,78,89
577,579,575,578,393,574,131,573,128,126,127,125,124,77,78,89
577,579,727,753,674,589,576,574,393,573,128,126,391,76,75,89
577,579,727,752,754,673,610,455,399,609,589,576,574,393,391,76,75,89
577,579,575,578,393,574,131,326,572,129,127,125,79,77,75,89
577,392,72,71,595,621,69,50,48,88,53,89
577,578,575,574,393,573,131,326,572,129,128,126,391,76,75,89
577,579,727,753,674,589,576,574,131,573,128,126,124,76,75,89
577,579,575,578,393,574,131,573,572,129,127,126,124,76,75,89
577,579,575,574,393,573,131,326,572,129,127,126,124,76,75,89
577,579,575,578,393,573,131,326,572,129,128,126,124,77,75,89
577,392,72,71,595,621,69,50,70,51,53,89
577,578,575,574,393,573,131,326,572,129,127,125,79,77,78,89
577,579,575,578,393,574,131,326,572,129,127,126,124,76,75,89
577,579,727,753,674,589,576,574,393,573,128,126,124,76,75,89
577,392,72,57,58,391,76,75,77,78,90,101,89
577,579,575,578,393,574,131,573,128,129,127,126,124,77,75,89
577,392,72,57,58,391,76,124,77,78,90,101,89
577,579,575,578,393,573,131,326,572,129,127,126,124,77,78,89
577,579,575,578,393,574,131,573,128,129,127,125,79,80,78,89
577,579,575,578,393,574,131,573,128,126,391,76,75,77,78,89
577,579,575,578,393,574,131,573,128,126,127,125,79,80,78,89
577,578,575,574,393,573,131,326,572,129,128,126,124,76,75,89
577,579,727,753,674,589,576,574,393,391,76,75,77,78,89
577,579,575,578,393,574,131,573,128,126,391,76,124,77,78,89
577,579,727,753,674,589,576,574,393,391,76,124,77,78,89
577,392,72,57,58,391,76,56,74,53,88,101,89
577,392,624,672,611,752,727,753,674,673,610,609,589,576,574,393,391,76,75,89
577,392,624,672,611,668,673,610,609,589,576,574,393,391,76,75,89
577,579,575,578,393,574,131,573,572,129,128,126,124,77,75,89
577,579,575,574,393,573,131,326,572,129,128,126,124,77,75,89
577,579,575,578,393,573,131,326,572,129,127,125,124,76,75,89
577,579,727,753,674,589,576,574,393,391,126,124,77,75,89
577,579,575,578,393,574,131,326,572,129,128,126,124,77,75,89
577,579,727,753,674,589,576,574,131,573,128,126,124,77,78,89
577,579,575,578,393,574,131,573,572,129,127,126,124,77,78,89
577,579,575,574,393,573,131,326,572,129,127,126,124,77,78,89
577,579,575,578,393,574,131,573,128,126,124,76,75,77,78,89
577,579,575,578,393,574,131,326,572,129,127,126,124,77,78,89
577,579,727,753,674,589,576,574,393,573,128,126,124,77,78,89
577,579,575,578,393,574,131,573,128,126,124,77,75,74,53,89
577,579,575,578,393,574,131,573,572,129,127,125,124,76,75,89
577,579,575,578,393,574,131,326,572,573,128,126,124,77,75,89
577,579,575,574,393,573,131,326,572,129,127,125,124,76,75,89
577,578,575,574,393,573,131,326,572,129,128,126,124,77,78,89
577,579,575,578,393,574,131,326,572,129,127,125,124,76,75,89
577,578,58,391,393,573,128,126,124,77,75,89
577,579,575,578,393,574,131,573,128,129,127,125,124,77,75,89
577,579,575,578,393,574,131,573,128,126,127,125,124,77,75,89
577,392,72,57,58,56,76,75,77,78,90,101,89
577,579,575,578,393,573,131,326,572,129,127,125,124,77,78,89
577,392,72,57,58,56,76,124,77,78,90,101,89
577,579,727,576,589,328,130,131,573,393,391,76,75,89
577,579,727,753,754,673,610,455,399,609,589,576,574,393,391,76,75,89
577,578,575,574,393,573,131,326,572,129,127,126,391,76,75,89
577,578,575,574,393,573,131,326,572,129,127,125,79,77,75,89
577,579,575,578,393,574,131,573,572,129,127,125,124,77,78,89
577,579,575,574,393,573,131,326,572,129,127,125,124,77,78,89
577,579,575,578,393,573,131,326,572,129,127,126,124,77,75,89
577,579,575,578,393,574,131,573,128,126,391,58,56,76,75,89
577,579,727,753,674,589,576,574,393,391,58,56,76,75,89
577,579,575,578,393,574,131,326,572,129,127,125,124,77,78,89
577,579,575,578,393,574,131,573,128,126,124,77,79,80,78,89
577,579,727,576,589,328,130,131,574,393,391,76,75,89
577,579,575,578,393,574,131,573,128,126,391,76,124,77,75,89
577,579,727,753,674,589,576,574,393,391,76,124,77,75,89
577,579,575,578,393,573,131,326,572,129,127,125,79,80,78,89
577,578,575,574,393,573,131,326,572,129,127,126,124,76,75,89
577,579,727,753,674,589,576,574,131,573,128,126,124,77,75,89
577,579,575,578,393,574,131,573,572,129,127,126,124,77,75,89
577,579,575,574,393,573,131,326,572,129,127,126,124,77,75,89
577,392,72,57,55,56,76,75,77,78,90,101,89
577,579,727,753,674,673,669,617,455,399,609,589,576,574,393,391,76,75,89
577,392,72,57,55,56,76,124,77,78,90,101,89
577,579,575,578,393,574,131,573,572,129,127,125,79,80,78,89
577,579,575,578,393,574,131,326,572,129,127,126,124,77,75,89
577,579,575,574,393,573,131,326,572,129,127,125,79,80,78,89
577,579,727,753,674,589,576,574,393,573,128,126,124,77,75,89
577,579,575,578,393,574,131,326,572,129,127,125,79,80,78,89
577,392,72,71,54,70,621,69,50,48,51,53,89
577,578,575,574,393,573,131,326,572,129,128,126,124,77,75,89
577,392,72,57,58,391,76,75,74,53,88,101,89
577,579,575,578,393,573,131,326,572,129,127,125,124,77,75,89
577,578,575,574,393,573,131,326,572,129,127,126,124,77,78,89
577,578,575,574,393,573,131,326,572,129,127,125,124,76,75,89
577,579,575,578,393,574,131,573,572,129,127,125,124,77,75,89
577,579,575,574,393,573,131,326,572,129,127,125,124,77,75,89
577,579,727,576,589,328,130,131,573,128,126,391,76,75,89
577,579,575,578,393,574,131,326,572,129,127,125,124,77,75,89
577,578,575,574,393,573,131,326,572,129,127,125,124,77,78,89
577,392,72,57,58,56,76,75,74,53,88,101,89
577,579,727,576,589,328,130,131,573,128,126,124,76,75,89
577,392,72,71,54,70,621,69,50,48,88,53,89
577,578,575,574,393,573,131,326,572,129,127,126,124,77,75,89
577,578,575,574,393,573,131,326,572,129,127,125,79,80,78,89
577,392,72,57,55,52,51,48,47,49,88,101,89
577,579,727,576,589,328,130,131,573,128,126,124,77,78,89
577,392,72,57,55,56,76,75,74,53,88,101,89
577,579,727,752,754,753,674,589,576,574,575,578,58,56,74,75,89
577,578,575,574,393,573,131,326,572,129,127,125,124,77,75,89
577,579,727,752,754,753,674,589,328,130,131,573,393,391,76,75,89
577,579,727,752,754,753,674,589,576,130,131,573,393,391,76,75,89
577,392,624,672,611,752,727,753,754,673,610,609,589,576,574,393,391,76,75,89
577,579,727,752,754,673,669,617,455,399,609,589,576,574,393,391,76,75,89
577,392,72,57,58,391,76,56,55,52,74,75,89
577,579,727,752,754,753,674,589,328,130,131,574,393,391,76,75,89
577,579,727,752,754,753,674,589,576,574,393,391,76,56,74,75,89
577,579,727,576,589,328,130,131,573,128,126,124,77,75,89
577,579,727,752,754,753,674,589,576,574,575,578,58,56,74,53,89
577,392,72,590,73,71,595,621,70,51,48,88,101,89
577,579,727,752,754,753,674,589,576,574,393,578,58,56,74,75,89
577,579,727,752,754,753,674,589,576,130,131,574,393,391,76,75,89
577,392,72,590,73,71,595,621,70,51,53,88,101,89
577,392,624,672,611,668,673,674,753,727,576,574,393,391,76,75,89
577,392,72,590,73,71,595,621,70,50,48,88,101,89
577,392,72,57,55,52,54,70,51,48,88,101,89
577,392,72,590,73,71,595,621,69,50,48,88,101,89
577,392,72,57,58,391,76,56,74,52,51,53,89
577,392,72,57,55,52,54,70,51,53,88,101,89
577,392,72,57,55,52,54,70,50,48,88,101,89
577,392,72,57,55,52,51,70,50,48,88,101,89
577,392,624,590,73,71,595,621,70,51,48,88,101,89
577,392,72,71,73,625,595,621,70,51,48,88,101,89
577,392,72,57,58,56,55,52,51,53,74,75,89
577,392,72,590,73,625,595,621,70,51,48,88,101,89
577,392,72,57,58,391,76,56,55,52,74,53,89
577,392,624,590,73,71,595,621,70,51,53,88,101,89
577,392,72,71,73,625,595,621,70,51,53,88,101,89
577,392,624,590,73,71,595,621,70,50,48,88,101,89
577,392,72,71,73,625,595,621,70,50,48,88,101,89
577,392,72,57,58,391,76,56,55,52,51,53,89
577,579,727,752,754,753,674,589,576,574,393,391,76,56,74,53,89
577,392,72,590,73,625,595,621,70,51,53,88,101,89
577,392,624,590,73,71,595,621,69,50,48,88,101,89
577,392,72,590,73,625,595,621,70,50,48,88,101,89
577,392,72,71,73,625,595,621,69,50,48,88,101,89
577,579,727,752,754,753,674,673,610,455,399,609,589,576,574,393,391,76,75,89
577,392,624,590,72,71,595,621,70,51,48,88,101,89
577,579,727,752,754,753,674,589,576,574,393,578,58,56,74,53,89
577,392,72,57,58,56,74,52,51,48,88,53,89
577,392,72,590,73,625,595,621,69,50,48,88,101,89
577,392,624,590,72,71,595,621,70,51,53,88,101,89
577,392,624,590,72,71,595,621,70,50,48,88,101,89
577,579,727,752,754,753,674,589,328,130,131,573,128,126,391,76,75,89
577,392,624,590,72,71,595,621,69,50,48,88,101,89
577,392,624,590,73,625,595,621,70,51,48,88,101,89
577,579,727,752,754,753,674,589,576,574,575,578,58,391,76,75,89
577,579,727,753,754,673,669,617,455,399,609,589,576,574,393,391,76,75,89
577,392,624,590,73,625,595,621,70,51,53,88,101,89
577,392,72,57,58,56,55,52,51,48,88,53,89
577,579,727,752,754,753,674,589,576,130,131,573,128,126,391,76,75,89
577,392,624,590,73,625,595,621,70,50,48,88,101,89
577,392,624,590,73,625,595,621,69,50,48,88,101,89
577,579,727,752,754,753,674,589,328,130,131,573,128,126,124,76,75,89
577,579,727,752,754,753,674,589,576,574,575,578,393,391,76,75,89
577,579,727,752,754,753,674,589,576,130,131,573,128,126,124,76,75,89
577,392,72,57,55,56,74,52,51,48,88,53,89
577,579,727,752,754,753,674,589,576,574,131,573,393,391,76,75,89
577,392,72,57,58,56,76,391,126,124,77,78,89
577,579,727,752,754,753,674,589,576,574,575,578,58,56,76,75,89
577,579,727,752,754,753,674,589,328,130,131,573,128,126,124,77,78,89
577,392,72,57,58,391,76,75,74,52,51,53,89
577,392,72,57,58,56,55,52,74,75,77,78,89
577,579,727,752,754,753,674,589,576,574,393,578,58,391,76,75,89
577,392,72,57,58,391,126,124,125,79,77,78,89
577,579,727,752,754,753,674,589,576,130,131,573,128,126,124,77,78,89
577,579,727,752,754,753,674,589,576,574,393,391,76,75,74,53,89
577,579,727,752,754,753,674,589,576,574,393,391,58,56,74,75,89
577,579,727,752,754,753,674,589,576,574,393,391,126,124,76,75,89
577,579,727,752,754,753,674,589,328,130,576,574,393,391,76,75,89
577,392,72,57,55,56,76,391,126,124,77,78,89
577,392,72,57,58,56,76,75,74,52,51,53,89
577,579,727,752,754,753,674,589,576,574,393,578,58,56,76,75,89
577,392,624,672,611,668,673,754,752,727,576,574,393,391,76,75,89
577,392,72,57,58,391,126,124,76,56,74,75,89
577,579,727,752,754,753,674,589,576,574,393,391,126,124,77,78,89
577,392,72,57,58,56,76,391,126,124,77,75,89
577,392,72,57,58,391,76,124,125,79,77,78,89
577,579,727,752,754,753,674,589,328,130,131,573,128,126,124,77,75,89
577,579,727,752,754,753,674,589,576,574,393,391,58,56,74,53,89
577,392,72,57,58,391,126,124,125,79,77,75,89
577,579,727,752,754,753,674,589,576,130,131,573,128,126,124,77,75,89
577,392,72,57,55,52,51,48,88,53,74,75,89
577,579,727,752,754,753,674,589,576,574,131,573,128,126,391,76,75,89
577,392,72,57,58,391,126,127,125,79,77,78,89
577,579,727,752,754,753,674,589,576,574,393,573,128,126,391,76,75,89
577,392,72,590,73,71,54,70,621,69,50,48,88,101,89
577,392,72,57,55,56,76,75,74,52,51,53,89
577,579,727,752,754,753,674,589,576,574,131,573,128,126,124,76,75,89
577,392,72,57,58,391,126,124,76,56,74,53,89
577,392,72,57,55,56,76,391,126,124,77,75,89
577,392,72,57,58,56,76,124,125,79,77,78,89
577,579,727,752,754,753,674,589,576,574,393,573,128,126,124,76,75,89
577,392,624,590,73,71,54,70,621,69,50,48,88,101,89
577,579,727,752,754,753,674,589,576,574,393,391,76,75,77,78,89
577,579,727,752,754,753,674,589,576,574,393,391,76,124,77,78,89
577,392,624,672,611,668,673,754,753,674,589,576,574,393,391,76,75,89
577,579,727,752,754,753,674,589,576,574,393,391,126,124,77,75,89
577,392,624,672,611,668,673,754,753,727,576,574,393,391,76,75,89
577,392,72,57,58,391,76,124,125,79,77,75,89
577,579,727,752,754,753,674,589,576,574,131,573,128,126,124,77,78,89
577,392,624,590,72,71,54,70,621,69,50,48,88,101,89
577,579,727,752,754,753,674,589,576,574,393,573,128,126,124,77,78,89
577,579,727,753,674,673,754,752,611,672,624,392,72,57,55,52,74,75,89
577,392,72,57,58,391,76,56,74,75,77,78,89
577,392,72,57,55,56,58,391,76,75,74,53,89
577,392,72,57,58,391,126,127,125,79,77,75,89
577,392,72,57,55,56,58,391,126,124,76,75,89
577,392,72,57,55,56,76,124,125,79,77,78,89
577,579,727,753,674,673,754,752,611,672,624,392,72,57,58,56,74,75,89
577,392,72,57,55,52,51,53,74,75,77,78,89
577,579,727,752,611,668,669,617,455,399,609,589,576,574,393,391,76,75,89
577,392,72,57,58,56,76,124,125,79,77,75,89
577,392,72,57,58,56,74,52,54,70,51,53,89
577,579,727,752,754,753,674,589,576,574,393,391,58,56,76,75,89
577,392,72,57,55,56,58,391,126,124,77,78,89
577,579,727,753,674,673,754,752,611,672,624,392,72,57,55,52,74,53,89
577,579,727,752,754,753,674,589,576,574,393,391,76,124,77,75,89
577,579,727,753,674,673,754,752,611,672,624,392,72,57,55,52,51,53,89
577,392,72,57,58,391,126,124,125,79,80,78,89
577,579,727,752,754,753,674,589,576,574,131,573,128,126,124,77,75,89
577,392,72,57,58,391,126,124,76,75,74,53,89
577,579,727,753,674,673,754,752,611,672,624,392,72,57,58,56,74,53,89
577,392,72,57,58,56,55,52,54,70,51,53,89
577,579,727,752,754,753,674,673,669,617,455,399,609,589,576,574,393,391,76,75,89
577,579,727,753,674,673,754,752,611,672,624,392,72,57,55,56,74,75,89
577,579,727,752,754,673,674,589,576,574,575,578,58,56,74,75,89
577,579,727,752,754,753,674,589,576,574,393,573,128,126,124,77,75,89
577,392,72,57,58,391,126,127,125,124,76,75,89
577,392,72,57,55,52,74,56,58,391,76,75,89
577,579,727,752,754,673,674,589,328,130,131,573,393,391,76,75,89
577,392,72,57,55,56,76,124,125,79,77,75,89
577,392,72,57,55,56,74,52,54,70,51,53,89
577,579,575,578,58,57,72,590,73,71,595,621,70,51,53,89
577,579,727,752,754,673,674,589,576,130,131,573,393,391,76,75,89
577,579,727,753,674,673,754,752,611,672,624,590,72,57,55,52,74,75,89
577,392,72,57,58,391,126,127,125,124,77,78,89
577,392,72,57,55,52,51,48,88,101,90,78,89
577,392,72,57,55,56,58,391,76,75,77,78,89
577,579,727,752,754,673,674,589,328,130,131,574,393,391,76,75,89
577,392,72,57,55,56,58,391,76,124,77,78,89
577,579,727,752,754,673,674,589,576,574,393,391,76,56,74,75,89
577,579,727,753,674,673,754,752,611,672,624,392,72,57,55,56,74,53,89
577,392,72,57,55,52,74,53,88,101,90,78,89
577,579,727,752,754,673,674,589,576,574,575,578,58,56,74,53,89
577,392,72,57,55,56,58,391,126,124,77,75,89
577,392,72,57,55,52,51,53,88,101,90,78,89
577,579,727,753,674,589,609,134,328,130,131,573,393,391,76,75,89
577,392,72,57,58,391,76,124,125,79,80,78,89
577,579,727,753,674,673,754,752,611,672,624,590,72,57,58,56,74,75,89
577,579,727,752,754,673,674,589,576,574,393,578,58,56,74,75,89
577,579,727,752,754,673,674,589,576,130,131,574,393,391,76,75,89
577,392,624,590,72,57,55,52,74,53,51,48,88,101,89
577,579,575,578,58,57,72,71,73,625,595,621,70,51,53,89
577,392,72,57,58,56,74,53,88,101,90,78,89
577,579,575,578,58,57,72,590,73,625,595,621,70,51,53,89
577,392,72,57,55,52,74,75,77,79,80,78,89
577,579,727,753,674,673,754,752,611,672,624,392,72,57,58,391,76,75,89
577,392,72,57,58,391,126,127,125,79,80,78,89
577,392,624,590,72,57,58,56,74,53,51,48,88,101,89
577,392,624,590,72,57,58,56,74,52,51,48,88,101,89
577,579,727,753,674,589,609,134,328,130,131,574,393,391,76,75,89
577,579,727,753,674,673,754,752,611,672,624,590,72,57,55,52,74,53,89
577,579,727,753,754,673,674,589,576,574,575,578,58,56,74,75,89
577,392,72,57,58,56,74,75,77,79,80,78,89
577,392,72,57,55,52,51,48,47,49,88,53,89
577,392,624,590,72,57,58,56,74,52,51,53,88,101,89
577,579,727,753,674,673,754,752,611,672,624,590,72,57,55,52,51,53,89
577,579,727,752,754,673,674,589,576,574,393,391,76,56,74,53,89
577,392,72,57,58,391,126,124,76,75,77,78,89
577,579,727,753,754,673,674,589,328,130,131,573,393,391,76,75,89
577,579,727,753,674,673,754,752,611,672,624,590,72,57,58,56,74,53,89
577,392,72,57,58,391,126,124,77,75,74,53,89
577,579,727,752,754,673,674,589,576,574,393,578,58,56,74,53,89
577,392,624,590,72,57,58,56,55,52,51,48,88,101,89
577,392,72,57,58,56,76,124,125,79,80,78,89
577,392,72,590,73,71,595,621,70,50,48,51,53,89
577,579,727,753,674,673,754,752,611,672,624,590,72,57,55,56,74,75,89
577,392,624,590,72,57,58,56,55,52,74,53,88,101,89
577,392,72,590,73,71,595,621,69,50,48,51,53,89
577,392,624,590,72,57,58,56,55,52,51,53,88,101,89
577,392,72,57,58,391,126,127,125,124,77,75,89
577,579,727,753,754,673,674,589,576,130,131,573,393,391,76,75,89
577,579,727,752,754,673,674,589,328,130,131,573,128,126,391,76,75,89
577,392,72,57,55,56,74,53,88,101,90,78,89
577,392,624,590,72,57,55,52,74,75,77,78,90,101,89
577,392,72,57,55,56,58,391,76,124,77,75,89
577,392,72,590,73,71,595,621,70,51,53,74,75,89
577,392,72,57,55,52,54,70,50,48,51,53,89
577,392,72,590,73,71,595,621,70,54,52,74,75,89
577,392,72,590,73,71,595,621,70,51,52,74,75,89
577,579,727,753,674,673,754,752,611,672,624,392,72,57,58,56,76,75,89
577,579,727,752,754,673,674,589,576,574,575,578,58,391,76,75,89
577,392,624,590,72,57,55,56,74,53,51,48,88,101,89
577,579,727,753,754,673,674,589,328,130,131,574,393,391,76,75,89
577,579,727,752,754,673,674,589,576,130,131,573,128,126,391,76,75,89
577,392,624,590,72,57,55,56,74,52,51,48,88,101,89
577,392,72,57,55,52,54,70,51,53,74,75,89
577,579,727,753,754,673,674,589,576,574,393,391,76,56,74,75,89
577,392,624,590,72,57,58,56,74,75,77,78,90,101,89
577,579,727,753,754,673,674,589,576,574,575,578,58,56,74,53,89
577,392,624,590,73,71,595,621,70,50,48,51,53,89
577,392,72,71,73,625,595,621,70,50,48,51,53,89
577,392,72,57,55,56,74,75,77,79,80,78,89
577,392,624,590,72,57,55,56,74,52,51,53,88,101,89
577,579,727,752,754,673,674,589,328,130,131,573,128,126,124,76,75,89
577,579,727,753,674,673,668,669,617,455,399,609,589,576,574,393,391,76,75,89
577,579,727,753,754,673,674,589,576,574,393,578,58,56,74,75,89
577,579,727,753,754,673,674,589,576,130,131,574,393,391,76,75,89
577,392,624,590,73,71,595,621,69,50,48,51,53,89
577,392,72,590,73,625,595,621,70,50,48,51,53,89
577,392,72,71,73,625,595,621,69,50,48,51,53,89
577,392,72,57,58,391,126,124,77,79,80,78,89
577,579,575,578,58,391,393,573,128,126,124,76,75,89
577,392,624,590,73,71,595,621,70,51,53,74,75,89
577,392,72,71,73,625,595,621,70,51,53,74,75,89
577,579,727,752,754,673,674,589,576,574,575,578,393,391,76,75,89
577,392,72,590,73,625,595,621,69,50,48,51,53,89
577,392,624,590,73,71,595,621,70,54,52,74,75,89
577,392,624,590,73,71,595,621,70,51,52,74,75,89
577,392,72,71,73,625,595,621,70,54,52,74,75,89
577,392,72,71,73,625,595,621,70,51,52,74,75,89
577,579,727,752,754,673,674,589,576,130,131,573,128,126,124,76,75,89
577,579,727,753,674,673,754,752,611,672,624,590,72,57,55,56,74,53,89
577,579,727,753,674,589,609,134,328,130,131,573,128,126,391,76,75,89
577,392,624,590,72,71,595,621,70,50,48,51,53,89
577,392,72,57,55,56,76,124,125,79,80,78,89
577,392,72,590,73,625,595,621,70,51,53,74,75,89
577,392,72,590,73,625,595,621,70,54,52,74,75,89
577,392,72,590,73,625,595,621,70,51,52,74,75,89
577,579,727,752,754,673,674,589,576,574,131,573,393,391,76,75,89
577,392,624,590,72,71,595,621,69,50,48,51,53,89
577,392,72,590,73,71,595,621,70,51,48,88,53,89
577,392,624,590,72,71,595,621,70,51,53,74,75,89
577,392,72,590,73,71,595,621,70,54,52,74,53,89
577,392,72,590,73,71,595,621,70,51,52,74,53,89
577,392,72,57,58,391,76,124,77,75,74,53,89
577,392,72,57,55,52,51,53,74,56,76,75,89
577,392,624,590,72,71,595,621,70,54,52,74,75,89
577,392,624,590,72,71,595,621,70,51,52,74,75,89
577,392,72,590,73,71,595,621,70,54,52,51,53,89
577,579,727,753,674,673,754,752,611,672,624,392,72,57,55,56,76,75,89
577,579,727,752,754,673,674,589,576,574,575,578,58,56,76,75,89
577,579,727,752,754,673,674,589,328,130,131,573,128,126,124,77,78,89
577,392,624,590,73,625,595,621,70,50,48,51,53,89
577,392,72,590,73,71,595,621,70,50,48,88,53,89
577,579,727,753,674,673,754,752,611,672,624,590,72,57,58,391,76,75,89
577,392,72,57,55,52,54,70,51,48,88,53,89
577,579,727,753,674,589,609,134,328,130,131,573,128,126,124,76,75,89
577,579,727,753,754,673,674,589,576,574,393,391,76,56,74,53,89
577,579,727,752,754,673,674,589,576,574,393,578,58,391,76,75,89
577,579,575,578,58,391,393,573,128,126,124,77,78,89
577,392,624,590,73,625,595,621,69,50,48,51,53,89
577,392,72,590,73,71,595,621,69,50,48,88,53,89
577,392,624,590,72,57,55,56,74,75,77,78,90,101,89
577,392,624,590,73,625,595,621,70,51,53,74,75,89
577,579,727,752,754,673,674,589,576,130,131,573,128,126,124,77,78,89
577,392,72,57,55,52,54,70,50,48,88,53,89
577,579,727,753,754,673,674,589,576,574,393,578,58,56,74,53,89
577,392,72,57,55,52,51,70,50,48,88,53,89
577,392,624,590,72,57,58,391,126,124,77,78,90,101,89
577,392,624,672,611,668,673,674,753,754,752,727,576,574,393,391,76,75,89
577,392,624,590,73,625,595,621,70,54,52,74,75,89
577,392,624,590,73,625,595,621,70,51,52,74,75,89
577,392,624,590,73,71,595,621,70,51,48,88,53,89
577,392,72,71,73,625,595,621,70,51,48,88,53,89
577,392,624,590,73,71,595,621,70,54,52,74,53,89
577,392,624,590,73,71,595,621,70,51,52,74,53,89
577,392,72,71,73,625,595,621,70,54,52,74,53,89
577,392,72,71,73,625,595,621,70,51,52,74,53,89
577,392,72,590,73,71,595,621,69,50,70,51,53,89
577,579,727,753,754,673,674,589,328,130,131,573,128,126,391,76,75,89
577,579,727,752,754,673,674,589,576,574,393,391,76,75,74,53,89
577,579,727,752,754,673,674,589,576,574,393,391,58,56,74,75,89
577,579,727,752,611,668,673,610,455,399,609,589,576,574,393,391,76,75,89
577,392,624,590,73,71,595,621,70,54,52,51,53,89
577,392,72,590,73,625,595,621,70,51,48,88,53,89
577,392,72,71,73,625,595,621,70,54,52,51,53,89
577,579,727,752,754,673,674,589,576,574,393,391,126,124,76,75,89
577,392,624,590,73,71,595,621,70,50,48,88,53,89
577,392,72,71,73,625,595,621,70,50,48,88,53,89
577,392,72,590,73,625,595,621,70,54,52,74,53,89
577,392,72,590,73,625,595,621,70,51,52,74,53,89
577,579,727,753,754,673,674,589,576,574,575,578,58,391,76,75,89
577,579,575,574,576,130,131,573,393,391,76,75,89
577,392,72,57,58,391,76,75,77,79,80,78,89
577,392,72,590,73,625,595,621,70,54,52,51,53,89
577,392,72,57,58,391,76,124,77,79,80,78,89
577,579,727,753,674,589,609,134,328,130,131,573,128,126,124,77,78,89
577,579,727,753,754,673,674,589,576,130,131,573,128,126,391,76,75,89
577,392,624,590,73,71,595,621,69,50,48,88,53,89
577,392,72,590,73,625,595,621,70,50,48,88,53,89
577,579,727,752,754,673,674,589,328,130,576,574,393,391,76,75,89
577,392,72,71,73,625,595,621,69,50,48,88,53,89
577,392,624,590,72,71,595,621,70,51,48,88,53,89
577,392,72,57,58,56,76,124,77,75,74,53,89
577,392,624,590,72,71,595,621,70,54,52,74,53,89
577,392,624,590,72,71,595,621,70,51,52,74,53,89
577,392,72,590,73,625,595,621,69,50,48,88,53,89
577,392,624,590,72,71,595,621,70,54,52,51,53,89
577,579,727,753,754,673,674,589,328,130,131,573,128,126,124,76,75,89
577,392,624,590,72,71,595,621,70,50,48,88,53,89
577,579,727,753,674,673,754,752,611,672,624,590,72,57,58,56,76,75,89
577,579,727,752,754,673,674,589,576,574,393,578,58,56,76,75,89
577,392,624,590,73,71,595,621,69,50,70,51,53,89
577,392,72,71,73,625,595,621,69,50,70,51,53,89
577,392,624,590,72,71,595,621,69,50,48,88,53,89
577,392,624,590,73,625,595,621,70,51,48,88,53,89
577,579,727,753,754,673,674,589,576,574,575,578,393,391,76,75,89
577,579,727,753,754,673,674,589,576,130,131,573,128,126,124,76,75,89
577,392,624,590,73,625,595,621,70,54,52,74,53,89
577,392,624,590,73,625,595,621,70,51,52,74,53,89
577,392,72,590,73,625,595,621,69,50,70,51,53,89
577,579,727,752,754,673,674,589,576,574,393,391,126,124,77,78,89
577,392,624,590,73,625,595,621,70,54,52,51,53,89
577,392,624,590,73,625,595,621,70,50,48,88,53,89
577,579,727,752,754,673,674,589,328,130,131,573,128,126,124,77,75,89
577,579,727,753,754,673,674,589,576,574,131,573,393,391,76,75,89
577,579,727,752,754,673,674,589,576,574,393,391,58,56,74,53,89
577,579,727,753,674,673,610,609,134,328,130,131,573,393,391,76,75,89
577,392,624,590,72,71,595,621,69,50,70,51,53,89
577,579,727,753,674,673,610,609,589,576,574,575,578,58,56,74,75,89
577,579,727,753,674,589,609,134,328,130,576,574,393,391,76,75,89
577,392,624,590,73,625,595,621,69,50,48,88,53,89
577,579,575,578,58,391,393,573,128,126,124,77,75,89
577,392,624,590,72,57,58,391,76,75,77,78,90,101,89
577,392,624,590,72,57,58,391,76,124,77,78,90,101,89
577,579,727,753,754,673,674,589,576,574,575,578,58,56,76,75,89
577,579,727,753,754,673,674,589,328,130,131,573,128,126,124,77,78,89
577,392,72,57,58,56,76,75,77,79,80,78,89
577,579,727,752,754,673,674,589,576,130,131,573,128,126,124,77,75,89
577,392,72,57,58,56,76,124,77,79,80,78,89
577,579,727,752,754,673,674,589,576,574,131,573,128,126,391,76,75,89
577,579,727,753,754,673,674,589,576,574,393,578,58,391,76,75,89
577,392,72,57,55,52,74,56,76,75,77,78,89
577,392,72,57,55,52,74,56,76,124,77,78,89
577,579,727,753,674,673,610,609,589,328,130,131,573,393,391,76,75,89
577,392,624,590,72,57,58,391,76,56,74,53,88,101,89
577,392,72,57,55,56,76,124,77,75,74,53,89
577,392,624,590,73,625,595,621,69,50,70,51,53,89
577,579,727,752,754,673,674,589,576,574,393,573,128,126,391,76,75,89
577,579,727,753,754,673,674,589,576,130,131,573,128,126,124,77,78,89
577,579,727,753,674,673,754,752,611,672,624,590,72,57,55,56,76,75,89
577,579,727,753,674,673,610,609,134,328,130,131,574,393,391,76,75,89
577,579,727,753,674,673,610,609,589,576,130,131,573,393,391,76,75,89
577,579,727,753,674,589,609,134,328,130,131,573,128,126,124,77,75,89
577,579,727,752,754,673,674,589,576,574,131,573,128,126,124,76,75,89
577,579,727,753,754,673,674,589,576,574,393,391,76,75,74,53,89
577,579,727,753,754,673,674,589,576,574,393,391,58,56,74,75,89
577,579,727,753,754,673,674,589,576,574,393,391,126,124,76,75,89
577,579,727,753,674,673,610,609,589,328,130,131,574,393,391,76,75,89
577,579,727,752,754,673,674,589,576,574,393,573,128,126,124,76,75,89
577,579,727,753,674,673,610,609,589,576,574,393,391,76,56,74,75,89
577,579,727,753,674,673,610,609,589,576,574,575,578,58,56,74,53,89
577,579,727,753,754,673,674,589,328,130,576,574,393,391,76,75,89
577,392,624,590,72,57,58,56,76,75,77,78,90,101,89
577,579,727,752,754,673,674,589,576,574,393,391,76,75,77,78,89
577,392,624,590,72,57,58,56,76,124,77,78,90,101,89
577,579,727,752,754,673,674,589,576,574,393,391,76,124,77,78,89
577,579,727,753,674,673,610,609,589,576,574,393,578,58,56,74,75,89
577,578,575,574,576,130,131,573,393,391,76,75,89
577,579,727,753,674,673,610,609,589,576,130,131,574,393,391,76,75,89
577,579,575,574,576,130,131,573,128,126,391,76,75,89
577,392,72,57,55,56,76,75,77,79,80,78,89
577,392,72,57,55,56,76,124,77,79,80,78,89
577,579,727,752,754,673,674,589,576,574,393,391,126,124,77,75,89
577,578,58,391,393,574,131,573,128,126,124,76,75,89
577,579,727,753,754,673,674,589,576,574,393,578,58,56,76,75,89
577,579,727,752,754,673,668,669,617,455,399,609,589,576,574,393,391,76,75,89
577,392,72,590,73,71,54,70,621,69,50,48,51,53,89
577,579,727,752,754,673,674,589,576,574,131,573,128,126,124,77,78,89
577,579,727,753,754,673,674,589,576,574,393,391,126,124,77,78,89
577,579,727,752,754,673,674,589,576,574,393,573,128,126,124,77,78,89
577,579,727,753,754,673,674,589,328,130,131,573,128,126,124,77,75,89
577,579,575,574,576,130,131,573,128,126,124,76,75,89
577,579,727,753,754,673,674,589,576,574,393,391,58,56,74,53,89
577,392,72,57,55,52,74,56,76,124,77,75,89
577,579,727,753,674,673,610,609,589,576,574,393,391,76,56,74,53,89
577,579,727,753,754,673,674,589,576,130,131,573,128,126,124,77,75,89
577,579,727,753,754,673,674,589,576,574,131,573,128,126,391,76,75,89
577,578,58,391,393,574,131,573,128,126,124,77,78,89
577,392,624,590,73,71,54,70,621,69,50,48,51,53,89
577,579,727,753,674,673,610,609,134,328,130,131,573,128,126,391,76,75,89
577,579,727,753,674,673,610,609,589,576,574,393,578,58,56,74,53,89
577,392,624,590,72,57,55,56,76,75,77,78,90,101,89
577,392,624,590,72,57,55,56,76,124,77,78,90,101,89
577,579,727,753,754,673,674,589,576,574,393,573,128,126,391,76,75,89
577,579,727,753,674,673,610,609,589,328,130,131,573,128,126,391,76,75,89
577,579,575,574,576,130,131,573,128,126,124,77,78,89
577,392,624,590,72,71,54,70,621,69,50,48,51,53,89
577,579,727,753,754,673,674,589,576,574,131,573,128,126,124,76,75,89
577,579,727,752,754,673,674,589,576,574,393,391,58,56,76,75,89
577,579,727,753,674,673,610,609,134,328,130,131,573,128,126,124,76,75,89
577,579,727,753,674,673,610,609,589,576,574,575,578,58,391,76,75,89
577,392,72,57,55,52,74,75,76,124,77,78,89
577,579,727,753,674,673,668,611,672,624,392,72,57,55,52,74,75,89
577,392,624,590,72,57,58,391,76,75,74,53,88,101,89
577,579,727,752,754,673,674,589,576,574,393,391,76,124,77,75,89
577,579,727,753,674,673,610,609,589,576,130,131,573,128,126,391,76,75,89
577,579,727,753,754,673,674,589,576,574,393,573,128,126,124,76,75,89
577,579,727,576,589,609,134,328,130,131,573,393,391,76,75,89
577,392,72,590,73,71,54,70,621,69,50,48,88,53,89
577,579,727,753,754,673,674,589,576,574,393,391,76,75,77,78,89
577,579,727,753,674,673,610,609,589,328,130,131,573,128,126,124,76,75,89
577,579,727,753,754,673,674,589,576,574,393,391,76,124,77,78,89
577,392,72,57,58,56,74,75,76,124,77,78,89
577,579,727,752,754,673,674,589,576,574,131,573,128,126,124,77,75,89
577,579,727,753,674,673,668,611,672,624,392,72,57,58,56,74,75,89
577,579,727,753,754,673,674,589,576,574,393,391,126,124,77,75,89
577,579,727,753,754,673,668,669,617,455,399,609,589,576,574,393,391,76,75,89
577,579,727,753,674,673,610,609,589,576,574,575,578,393,391,76,75,89
577,579,727,752,754,673,674,589,576,574,393,573,128,126,124,77,75,89
577,579,727,753,674,673,610,609,589,576,130,131,573,128,126,124,76,75,89
577,579,727,753,754,673,674,589,576,574,131,573,128,126,124,77,78,89
577,578,575,574,576,130,131,573,128,126,391,76,75,89
577,579,727,753,674,673,610,609,134,328,130,131,573,128,126,124,77,78,89
577,579,727,753,674,673,610,609,589,576,574,131,573,393,391,76,75,89
577,579,727,576,589,609,134,328,130,131,574,393,391,76,75,89
577,579,727,753,754,673,674,589,576,574,393,573,128,126,124,77,78,89
577,392,624,590,73,71,54,70,621,69,50,48,88,53,89
577,578,58,391,393,574,131,573,128,126,124,77,75,89
577,579,727,752,754,673,610,609,134,328,130,131,573,393,391,76,75,89
577,579,727,753,674,673,668,611,672,624,392,72,57,55,52,74,53,89
577,579,727,753,674,673,610,609,589,576,574,575,578,58,56,76,75,89
577,579,727,753,674,673,610,609,589,328,130,131,573,128,126,124,77,78,89
577,579,727,752,754,673,610,609,589,576,574,575,578,58,56,74,75,89
577,392,624,590,72,57,58,56,76,75,74,53,88,101,89
577,579,727,753,674,673,668,611,672,624,392,72,57,55,52,51,53,89
577,579,727,753,674,673,610,609,589,576,574,393,578,58,391,76,75,89
577,578,575,574,576,130,131,573,128,126,124,76,75,89
577,579,727,753,674,673,610,609,589,576,130,131,573,128,126,124,77,78,89
577,392,624,590,72,71,54,70,621,69,50,48,88,53,89
577,579,727,752,754,673,610,609,589,328,130,131,573,393,391,76,75,89
577,579,575,574,576,130,131,573,128,126,124,77,75,89
577,579,727,753,674,673,668,611,672,624,392,72,57,58,56,74,53,89
577,392,72,57,55,56,74,75,76,124,77,78,89
577,579,727,753,674,673,668,611,672,624,392,72,57,55,56,74,75,89
577,579,727,753,674,673,610,609,134,328,130,576,574,393,391,76,75,89
577,579,727,752,754,673,610,609,134,328,130,131,574,393,391,76,75,89
577,579,727,753,674,673,610,609,589,576,574,393,391,76,75,74,53,89
577,579,727,753,674,673,610,609,589,576,574,393,391,58,56,74,75,89
577,579,727,752,754,673,610,609,589,576,130,131,573,393,391,76,75,89
577,579,727,753,674,673,610,609,589,576,574,393,391,126,124,76,75,89
577,579,727,753,754,673,674,589,576,574,393,391,58,56,76,75,89
577,392,624,590,72,57,55,52,51,48,47,49,88,101,89
577,578,393,574,576,130,131,573,128,126,391,76,75,89
577,579,727,753,754,673,674,589,576,574,393,391,76,124,77,75,89
577,579,727,753,674,673,610,609,589,328,130,576,574,393,391,76,75,89
577,578,575,574,576,130,131,573,128,126,124,77,78,89
577,579,727,752,754,673,610,609,589,328,130,131,574,393,391,76,75,89
577,579,727,752,754,673,610,609,589,576,574,393,391,76,56,74,75,89
577,579,727,752,754,673,610,609,589,576,574,575,578,58,56,74,53,89
577,579,727,753,754,673,674,589,576,574,131,573,128,126,124,77,75,89
577,392,624,590,72,57,55,56,76,75,74,53,88,101,89
577,579,727,753,674,673,610,609,134,328,589,576,574,393,391,76,75,89
577,579,727,753,674,673,610,609,589,576,574,393,578,58,56,76,75,89
577,579,727,752,754,673,610,609,589,576,574,393,578,58,56,74,75,89
577,579,727,753,674,673,610,609,134,328,130,131,573,128,126,124,77,75,89
577,579,727,752,754,673,610,609,589,576,130,131,574,393,391,76,75,89
577,579,727,753,674,673,668,611,672,624,590,72,57,55,52,74,75,89
577,579,727,576,589,609,134,328,130,131,573,128,126,391,76,75,89
577,578,393,574,576,130,131,573,128,126,124,76,75,89
577,579,727,753,754,673,674,589,576,574,393,573,128,126,124,77,75,89
577,579,727,753,674,673,668,611,672,624,392,72,57,55,56,74,53,89
577,579,727,753,674,673,610,609,589,576,574,393,391,126,124,77,78,89
577,579,727,753,674,673,610,609,589,328,130,131,573,128,126,124,77,75,89
577,579,727,753,674,673,668,611,672,624,590,72,57,58,56,74,75,89
577,579,727,753,674,673,610,609,589,576,574,393,391,58,56,74,53,89
577,579,727,752,611,668,673,669,617,455,399,609,589,576,574,393,391,76,75,89
577,579,727,753,754,673,610,609,134,328,130,131,573,393,391,76,75,89
577,579,727,576,589,609,134,328,130,131,573,128,126,124,76,75,89
577,579,727,753,754,673,610,609,589,576,574,575,578,58,56,74,75,89
577,579,727,753,674,673,610,609,589,576,130,131,573,128,126,124,77,75,89
577,579,727,753,674,673,610,609,589,576,574,131,573,128,126,391,76,75,89
577,579,727,753,674,673,668,611,672,624,392,72,57,58,391,76,75,89
577,579,727,752,754,673,610,609,589,576,574,393,391,76,56,74,53,89
577,578,393,574,576,130,131,573,128,126,124,77,78,89
577,579,727,752,754,673,610,609,134,328,130,131,573,128,126,391,76,75,89
577,579,727,753,674,673,610,609,589,576,574,393,573,128,126,391,76,75,89
577,579,727,753,754,673,610,609,589,328,130,131,573,393,391,76,75,89
577,579,727,752,754,673,610,609,589,576,574,393,578,58,56,74,53,89
577,579,727,753,674,673,668,611,672,624,590,72,57,55,52,74,53,89
577,392,624,672,611,668,673,754,752,727,753,674,589,576,574,393,391,76,75,89
577,392,624,590,72,57,58,391,76,56,55,52,74,75,89
577,579,727,753,674,673,668,611,672,624,590,72,57,55,52,51,53,89
577,579,727,753,754,673,610,609,134,328,130,131,574,393,391,76,75,89
577,579,727,753,674,673,610,609,589,576,574,131,573,128,126,124,76,75,89
